funcion	bytes	estado	archivo	detalle
ArchivoCerrar	152	IGUAL	src/File/archivo_g02.c	9 de 9 capturas y 668 de 668 variantes iguales
BitDeZona	700	IGUAL	src/SceneProcessing/zonas.c	9 de 9 capturas y 698 de 698 variantes iguales
CeldaDePosicion	92	IGUAL	src/modelLoader/cuadricula.c	9 de 9 capturas y 1183 de 1183 variantes iguales
RecogibleNoTomado	84	IGUAL	src/WobjCode/recogibles.c	3 de 3 capturas y 397 de 397 variantes iguales
RegistrarTextura	200	IGUAL	src/loadtga/registrar_g03.c	9 de 9 capturas y 852 de 852 variantes iguales
TexturaPorIndice	88	IGUAL	src/loadtga/texturas.c	9 de 9 capturas y 855 de 855 variantes iguales
func_800140BC	24	IGUAL	src/libgpu/gpu_g01.c	9 de 9 capturas y 854 de 854 variantes iguales
func_800143E4	16	IGUAL	src/psyq/psyq_g01.c	1 de 1 capturas y 60 de 60 variantes iguales
func_800143F4	16	IGUAL	src/psyq/psyq_g01.c	1 de 1 capturas y 60 de 60 variantes iguales
func_80014FF0	56	IGUAL	src/psyq/psyq_g01.c	9 de 9 capturas y 539 de 539 variantes iguales
func_800150F0	52	IGUAL	src/psyq/psyq_g01.c	9 de 9 capturas y 503 de 503 variantes iguales
func_800161D4	152	IGUAL	src/psyq/psyq_g01.c	9 de 9 capturas y 262 de 262 variantes iguales
func_80016970	48	IGUAL	src/psyq/psyq_g01.c	9 de 9 capturas y 198 de 198 variantes iguales
func_800169D4	48	IGUAL	src/psyq/libetc_g02.c	1 de 1 capturas y 28 de 28 variantes iguales
func_80016A2C	108	IGUAL	src/psyq/libetc_g02.c	9 de 9 capturas y 323 de 323 variantes iguales
func_80016B4C	384	IGUAL	src/psyq/libetc_g02.c	9 de 9 capturas y 311 de 311 variantes iguales
func_80017D3C	68	IGUAL	src/varios/cadenas_g02.c	9 de 9 capturas y 1007 de 1007 variantes iguales
func_80019234	84	IGUAL	src/Font/letras_g03.c	9 de 9 capturas y 531 de 531 variantes iguales
func_80019C04	192	IGUAL	src/GraphicTools/reiniciar_g03.c	7 de 7 capturas y 532 de 532 variantes iguales
func_8001BE8C	256	IGUAL	src/geometria/angulos.c	9 de 9 capturas y 1199 de 1199 variantes iguales
func_8001BF8C	120	IGUAL	src/geometria/angulos.c	9 de 9 capturas y 642 de 642 variantes iguales
func_8001C1D4	172	IGUAL	src/modelLoader/mundo_g03.c	3 de 3 capturas y 96 de 96 variantes iguales
func_8001C3C4	64	IGUAL	src/geometria/vectores.c	9 de 9 capturas y 648 de 648 variantes iguales
func_8001C404	88	IGUAL	src/geometria/vectores.c	9 de 9 capturas y 701 de 701 variantes iguales
func_8001C794	64	IGUAL	src/modelLoader/mundo_g03.c	7 de 7 capturas y 267 de 267 variantes iguales
func_8001D778	372	IGUAL	src/modelLoader/mando_g04.c	9 de 9 capturas y 1166 de 1166 variantes iguales
func_8001E06C	248	IGUAL	src/modelLoader/nodos_g04.c	9 de 9 capturas y 175 de 175 variantes iguales
func_8001E7A8	332	IGUAL	src/Object/matriz_g04.c	9 de 9 capturas y 903 de 903 variantes iguales
func_8001ED9C	72	IGUAL	src/Object/lista_g04.c	3 de 3 capturas y 180 de 180 variantes iguales
func_8001F23C	196	IGUAL	src/Object/lista_g04.c	7 de 7 capturas y 301 de 301 variantes iguales
func_8001F6C8	884	IGUAL	src/objetos/particulas.c	9 de 9 capturas y 900 de 900 variantes iguales
func_8001FA3C	544	IGUAL	src/geometria/camara.c	9 de 9 capturas y 1224 de 1224 variantes iguales
func_8001FD50	1348	IGUAL	src/geometria/arbol.c	9 de 9 capturas y 165 de 165 variantes iguales
func_800204F0	496	IGUAL	src/geometria/arbol.c	9 de 9 capturas y 212 de 212 variantes iguales
func_800206F0	116	IGUAL	src/Particle/nodos_g04.c	7 de 7 capturas y 196 de 196 variantes iguales
func_80020764	72	IGUAL	src/geometria/arbol.c	9 de 9 capturas y 175 de 175 variantes iguales
func_80021CE4	96	IGUAL	src/geometria/varios.c	9 de 9 capturas y 1069 de 1069 variantes iguales
func_80021D44	272	IGUAL	src/StratTools/girar_g05.c	9 de 9 capturas y 738 de 738 variantes iguales
func_80021E54	284	IGUAL	src/StratTools/girar_g05.c	9 de 9 capturas y 737 de 737 variantes iguales
func_80021F70	236	IGUAL	src/StratTools/girar_g05.c	9 de 9 capturas y 809 de 809 variantes iguales
func_80022104	136	IGUAL	src/geometria/angulos.c	9 de 9 capturas y 656 de 656 variantes iguales
func_800223E8	100	IGUAL	src/colision/suelo.c	7 de 7 capturas y 689 de 689 variantes iguales
func_80024300	40	IGUAL	src/WobjCode/objetos_g06.c	9 de 9 capturas y 955 de 955 variantes iguales
func_80024A48	316	IGUAL	src/geometria/arbol.c	9 de 9 capturas y 268 de 268 variantes iguales
func_80027A04	204	IGUAL	src/membank/tarjeta_g06.c	9 de 9 capturas y 1062 de 1062 variantes iguales
func_80027F08	68	IGUAL	src/membank/tarjeta_g06.c	9 de 9 capturas y 916 de 916 variantes iguales
func_8002BAD4	164	IGUAL	src/varios/tabla_nombres_g07.c	9 de 9 capturas y 1130 de 1130 variantes iguales
func_8002C160	52	IGUAL	src/varios/tabla_nombres_g07.c	9 de 9 capturas y 1224 de 1224 variantes iguales
func_8002EC1C	224	IGUAL	src/varios/memoria_g07.c	7 de 7 capturas y 161 de 161 variantes iguales
func_8002ECFC	52	IGUAL	src/varios/varios.c	8 de 8 capturas y 411 de 411 variantes iguales
func_8002ED30	28	IGUAL	src/varios/varios.c	2 de 2 capturas y 97 de 97 variantes iguales
func_8003018C	16	IGUAL	src/sabrina/estados.c	3 de 3 capturas y 143 de 143 variantes iguales
func_80030E64	100	IGUAL	src/sabrina/estados.c	7 de 7 capturas y 657 de 657 variantes iguales
func_80030F18	232	IGUAL	src/sabrina/sabrina_g07.c	7 de 7 capturas y 424 de 424 variantes iguales
func_80031494	164	IGUAL	src/sabrina/sabrina_g07.c	7 de 7 capturas y 756 de 756 variantes iguales
func_80031538	352	IGUAL	src/sabrina/sabrina_g07.c	7 de 7 capturas y 430 de 430 variantes iguales
func_800350A4	88	IGUAL	src/objetos/camara_g08.c	8 de 8 capturas y 176 de 176 variantes iguales
func_800350FC	148	IGUAL	src/objetos/camara_g08.c	9 de 9 capturas y 252 de 252 variantes iguales
func_80036250	188	IGUAL	src/objetos/camara_g08.c	9 de 9 capturas y 227 de 227 variantes iguales
func_8003630C	260	IGUAL	src/objetos/camara_g08.c	9 de 9 capturas y 218 de 218 variantes iguales
func_80036410	276	IGUAL	src/objetos/camara_g08.c	9 de 9 capturas y 209 de 209 variantes iguales
func_80036524	204	IGUAL	src/objetos/camara_g08.c	9 de 9 capturas y 194 de 194 variantes iguales
func_8003795C	188	IGUAL	src/objetos/camara_g08.c	3 de 3 capturas y 69 de 69 variantes iguales
func_8003821C	252	IGUAL	src/objetos/camara_g08.c	3 de 3 capturas y 63 de 63 variantes iguales
func_80039A70	132	IGUAL	src/objetos/forma.c	7 de 7 capturas y 600 de 600 variantes iguales
func_80039AF4	40	IGUAL	src/objetos/forma.c	7 de 7 capturas y 265 de 265 variantes iguales
func_80039B1C	132	IGUAL	src/objetos/forma.c	7 de 7 capturas y 600 de 600 variantes iguales
func_80039BA0	40	IGUAL	src/objetos/forma.c	7 de 7 capturas y 265 de 265 variantes iguales
func_80039BC8	388	IGUAL	src/objetos/choque_formas_g09.c	9 de 9 capturas y 802 de 802 variantes iguales
func_8003A070	268	IGUAL	src/objetos/choque_formas_g09.c	3 de 3 capturas y 177 de 177 variantes iguales
func_8003A17C	212	IGUAL	src/objetos/choque_formas_g09.c	3 de 3 capturas y 185 de 185 variantes iguales
func_8003A250	8	IGUAL	src/objetos/forma.c	7 de 7 capturas y 420 de 420 variantes iguales
func_8003A260	8	IGUAL	src/objetos/forma.c	7 de 7 capturas y 420 de 420 variantes iguales
func_8003AE84	196	IGUAL	src/colision/suelo.c	9 de 9 capturas y 1070 de 1070 variantes iguales
func_8003AF48	84	IGUAL	src/colision/suelo.c	9 de 9 capturas y 565 de 565 variantes iguales
func_8003DD44	48	IGUAL	src/audio/cd.c	8 de 8 capturas y 882 de 882 variantes iguales
func_8003E958	164	IGUAL	src/varios/bloques.c	9 de 9 capturas y 788 de 788 variantes iguales
func_800433C0	288	IGUAL	src/audio/spu_g09.c	9 de 9 capturas y 1224 de 1224 variantes iguales
func_80044BD4	104	IGUAL	src/audio/spu_g09.c	7 de 7 capturas y 952 de 952 variantes iguales
func_800479E8	188	IGUAL	src/objetos/objetos_g10.c	3 de 3 capturas y 280 de 280 variantes iguales
func_80047F24	172	IGUAL	src/objetos/objetos_g10.c	1 de 1 capturas y 47 de 47 variantes iguales
func_800483F8	112	IGUAL	src/objetos/objetos_g10.c	7 de 7 capturas y 653 de 653 variantes iguales
func_80048754	92	IGUAL	src/objetos/objetos_g10.c	3 de 3 capturas y 97 de 97 variantes iguales
func_80048CF4	204	IGUAL	src/objetos/objetos_g10.c	2 de 2 capturas y 103 de 103 variantes iguales
func_8004906C	164	IGUAL	src/objetos/objetos_g10.c	3 de 3 capturas y 173 de 173 variantes iguales
func_80049110	264	IGUAL	src/objetos/objetos_g10.c	2 de 2 capturas y 60 de 60 variantes iguales
func_800492B4	212	IGUAL	src/objetos/objetos_g10.c	3 de 3 capturas y 109 de 109 variantes iguales
func_8004E618	168	IGUAL	src/varios/banco_b.c	9 de 9 capturas y 393 de 393 variantes iguales
func_8004E774	136	IGUAL	src/varios/banco_b.c	9 de 9 capturas y 355 de 355 variantes iguales
func_8004E86C	88	IGUAL	src/varios/banco_b.c	9 de 9 capturas y 475 de 475 variantes iguales
func_8004E8C4	460	IGUAL	src/varios/banco_b.c	9 de 9 capturas y 423 de 423 variantes iguales
func_80053F74	244	IGUAL	src/varios/texto_g11.c	3 de 3 capturas y 332 de 332 variantes iguales
func_80055CAC	320	IGUAL	src/sabrina/objetos_g12.c	9 de 9 capturas y 696 de 696 variantes iguales
func_80057F34	920	IGUAL	src/geometria/partir_80057F34.c	9 de 9 capturas y 632 de 632 variantes iguales
func_800582CC	912	IGUAL	src/geometria/partir_800582CC.c	9 de 9 capturas y 633 de 633 variantes iguales
func_8005865C	912	IGUAL	src/geometria/partir_8005865C.c	9 de 9 capturas y 636 de 636 variantes iguales
func_800589EC	1272	IGUAL	src/geometria/partir_800589EC.c	9 de 9 capturas y 643 de 643 variantes iguales
func_80058EE4	1276	IGUAL	src/geometria/partir_80058EE4.c	9 de 9 capturas y 637 de 637 variantes iguales
func_800593E0	1276	IGUAL	src/geometria/partir_800593E0.c	9 de 9 capturas y 643 de 643 variantes iguales
func_800598DC	1616	IGUAL	src/geometria/partir_800598DC.c	9 de 9 capturas y 646 de 646 variantes iguales
DanoPorEnemigo	816	IGUAL_V0	src/sabrina/dano.c	0 de 1 capturas y 5 de 26 variantes iguales
func_80024DFC	368	IGUAL_V0	src/WobjCode/objetos_g06.c	9 de 9 capturas y 866 de 908 variantes iguales
CrearParticula	952	IGUAL	src/objetos/particula_g14.c	8 de 8 capturas y 844 de 844 variantes iguales
CargarANI	188	NO_TERMINA	src/varios/animaciones_g07.c	la original no termina en el emulador (espera al hardware)
LeerCuadriculaINO	312	NO_TERMINA	src/modelLoader/cargar_g04.c	la original no termina en el emulador (espera al hardware)
LeerModelosINO	380	IGUAL	src/modelLoader/cargar_g04.c	1 de 1 capturas y 57 de 57 variantes iguales (5 capturas donde la original no termina, sin comparar)
func_8001315C	192	IGUAL	src/libgpu/gpu_g01.c	8 de 8 capturas y 818 de 818 variantes iguales (con el modelo de GPU desocupada)
func_80022D4C	268	IGUAL	src/TexAnima/paletas_g06.c	8 de 8 capturas y 192 de 192 variantes iguales (con el modelo de GPU desocupada)
func_80022E58	156	IGUAL	src/TexAnima/paletas_g06.c	5 de 5 capturas y 120 de 120 variantes iguales (3 capturas donde la original no termina, sin comparar)
func_80025BA0	240	NO_TERMINA	src/membank/tarjeta_g06.c	la original no termina en el emulador (espera al hardware)
func_8002FE64	184	NO_TERMINA	src/varios/animaciones_g07.c	la original no termina en el emulador (espera al hardware)
func_8005A1EC	372	IGUAL_V0	src/sabrina/objetos_g12.c	0 de 1 capturas y 0 de 54 variantes iguales
func_80039A34	60	IGUAL_SINT	src/objetos/forma.c	1 de 1 capturas y 83 de 83 variantes iguales
func_8003A258	8	IGUAL_SINT	src/objetos/forma.c	1 de 1 capturas y 45 de 45 variantes iguales
ArchivoLeer	272	IGUAL	src/File/archivo_g03.c	8 de 8 capturas y 507 de 507 variantes iguales
SubirAVRAM	96	IGUAL	src/libgpu/gpu_g00.c	8 de 8 capturas y 399 de 399 variantes iguales
func_800112C0	284	IGUAL	src/libgpu/gpu_g00.c	8 de 8 capturas y 1088 de 1088 variantes iguales
func_80012D74	104	IGUAL	src/libgpu/gpu_g00.c	8 de 8 capturas y 548 de 548 variantes iguales
func_80012DDC	144	IGUAL	src/libgpu/gpu_g00.c	6 de 6 capturas y 308 de 308 variantes iguales
func_80012ECC	96	IGUAL	src/libgpu/gpu_g00.c	6 de 6 capturas y 296 de 296 variantes iguales
func_80012FE4	172	IGUAL	src/libgpu/gpu_g00.c	8 de 8 capturas y 491 de 491 variantes iguales
func_80013090	92	IGUAL	src/libgpu/gpu_g00.c	8 de 8 capturas y 862 de 862 variantes iguales
func_800130EC	112	IGUAL	src/libgpu/gpu_g00.c	8 de 8 capturas y 695 de 695 variantes iguales
func_800182A8	352	IGUAL	src/nodos/reserva_g02.c	3 de 3 capturas y 70 de 70 variantes iguales (3 capturas donde la original no termina, sin comparar)
func_80018408	128	IGUAL	src/nodos/reserva_g02.c	8 de 8 capturas y 624 de 624 variantes iguales
func_80018488	288	IGUAL	src/nodos/reserva_g02.c	8 de 8 capturas y 722 de 722 variantes iguales
func_800188C4	224	IGUAL	src/File/archivo_g03.c	5 de 5 capturas y 374 de 374 variantes iguales (3 capturas donde la original no termina, sin comparar)
func_80021120	112	NO_TERMINA	src/Screen/pantalla_g05.c	la original no termina en el emulador (espera al hardware)
func_80021B4C	240	NO_TERMINA	src/Screen/pantalla_g05.c	la original no termina en el emulador (espera al hardware)
func_80022528	60	IGUAL	src/TexAnima/ciclos_g05.c	6 de 6 capturas y 456 de 456 variantes iguales
func_80022564	176	IGUAL	src/TexAnima/ciclos_g05.c	6 de 6 capturas y 679 de 679 variantes iguales
func_80022BCC	384	IGUAL	src/TexAnima/ciclos_g05.c	8 de 8 capturas y 868 de 868 variantes iguales
func_8004E194	164	IGUAL	src/varios/banco_g11.c	6 de 6 capturas y 300 de 300 variantes iguales
func_8004E238	48	IGUAL	src/varios/espera.c	6 de 6 capturas y 218 de 218 variantes iguales
func_8004E268	60	IGUAL	src/varios/espera.c	6 de 6 capturas y 234 de 234 variantes iguales
func_8004E2A4	40	IGUAL	src/varios/banco_e2xx.c	8 de 8 capturas y 462 de 462 variantes iguales
func_8004E2E4	72	IGUAL	src/varios/banco_g11.c	8 de 8 capturas y 334 de 334 variantes iguales
func_8004E5D8	64	IGUAL	src/varios/banco_e2xx.c	8 de 8 capturas y 155 de 155 variantes iguales
func_8004E7FC	112	IGUAL	src/varios/banco_g11.c	8 de 8 capturas y 151 de 151 variantes iguales
func_8004EE24	208	IGUAL	src/varios/tarjeta_g11.c	2 de 2 capturas y 263 de 263 variantes iguales (1 capturas donde la original no termina, sin comparar)
func_8004FC4C	184	IGUAL	src/varios/tarjeta_g11.c	2 de 2 capturas y 173 de 173 variantes iguales (1 capturas donde la original no termina, sin comparar)
func_800508D4	92	IGUAL	src/varios/tarjeta_g11.c	1 de 1 capturas y 110 de 110 variantes iguales
func_80051298	284	NO_TERMINA	src/varios/tarjeta_g11.c	la original no termina en el emulador (espera al hardware)
func_8003A46C	184	IGUAL	src/colision/triangulo_g09.c	8 de 8 capturas y 537 de 537 variantes iguales
ArchivoIniciar	120	IGUAL	src/File/archivo_g03.c	8 de 8 capturas y 435 de 435 variantes iguales
func_80047710	712	IGUAL	src/WobjCode/anotados_g13.c	8 de 8 capturas y 1024 de 1024 variantes iguales
func_800425C8	860	IGUAL	src/audio/tocar_voz_g13.c	8 de 8 capturas y 1081 de 1081 variantes iguales
TocarSonido	444	IGUAL	src/audio/sonido_g13.c	8 de 8 capturas y 1077 de 1077 variantes iguales
func_80042B78	1156	IGUAL	src/audio/tocar_voz_g13.c	8 de 8 capturas y 848 de 848 variantes iguales
func_8003A524	556	IGUAL	src/colision/triangulo_g09.c	8 de 8 capturas y 639 de 639 variantes iguales
func_80037278	496	IGUAL	src/objetos/camara_g08.c	6 de 6 capturas y 508 de 508 variantes iguales
func_8002506C	492	IGUAL	src/WobjCode/objetos_g06.c	1 de 1 capturas y 93 de 93 variantes iguales
func_8002EDC8	452	IGUAL	src/varios/mezcla_g13.c	8 de 8 capturas y 791 de 791 variantes iguales
func_8001E588	544	IGUAL	src/geometria/arbol.c	8 de 8 capturas y 686 de 686 variantes iguales
MatrizDesdeAngulos	548	IGUAL	src/geometria/arbol.c	8 de 8 capturas y 616 de 616 variantes iguales
func_80023FD4	576	IGUAL	src/Screen/fondo_g13.c	3 de 3 capturas y 108 de 108 variantes iguales
func_800447E4	1004	IGUAL	src/audio/vab_g13.c	6 de 6 capturas y 473 de 473 variantes iguales
func_80020818	560	IGUAL	src/varios/contador_g13.c	8 de 8 capturas y 608 de 608 variantes iguales
func_80011930	560	IGUAL	src/libgpu/borrar_g13.c	6 de 6 capturas y 556 de 556 variantes iguales
func_8004F2D8	536	IGUAL	src/Screen/sprites_g13.c	3 de 3 capturas y 408 de 408 variantes iguales
func_8004C82C	544	IGUAL	src/varios/partida_g13.c	1 de 1 capturas y 76 de 76 variantes iguales
func_80037468	720	IGUAL_V0	src/objetos/camara_g08.c	2 de 2 capturas y 133 de 148 variantes iguales (solo difiere v0, la direccion de la tabla de saltos al salir antes)
func_80023B3C	768	IGUAL	src/Screen/sprites_g13.c	2 de 2 capturas y 184 de 184 variantes iguales
RegistrarRecogible	928	IGUAL	src/WobjCode/anotados_g13.c	2 de 2 capturas y 204 de 204 variantes iguales
func_8004BDA0	944	IGUAL	src/varios/partida_g13.c	6 de 6 capturas y 804 de 804 variantes iguales
func_8001C45C	824	IGUAL	src/geometria/vectores.c	8 de 8 capturas y 821 de 821 variantes iguales
func_8002303C	1600	IGUAL	src/Screen/marcador_g13.c	8 de 8 capturas y 1080 de 1080 variantes iguales
func_80014670	256	IGUAL	src/psyq/dispositivos_g13.c	1 de 1 capturas y 0 de 0 variantes iguales (las variantes fallan tambien en la original; prueba debil)
func_80014774	412	IGUAL	src/psyq/firstfile_g13.c	1 de 1 capturas y 14 de 14 variantes iguales
LeerMAO	432	IGUAL	src/varios/mezcla_g13.c	8 de 8 capturas y 504 de 504 variantes iguales
PuntoEnTriangulo	516	IGUAL	src/colision/punto_triangulo_g13.c	8 de 8 capturas y 485 de 485 variantes iguales
Liberar	716	IGUAL	src/varios/reservar_g13.c	8 de 8 capturas y 1088 de 1088 variantes iguales
func_8001D8EC	1664	IGUAL	src/modelLoader/mando_g13.c	8 de 8 capturas y 698 de 698 variantes iguales
func_8003A94C	1244	IGUAL	src/colision/consulta_g13.c	8 de 8 capturas y 439 de 439 variantes iguales
func_8003AF9C	1008	IGUAL	src/colision/consulta_g13.c	8 de 8 capturas y 419 de 419 variantes iguales
func_800252A0	1088	IGUAL	src/objetos/crear_g13.c	6 de 6 capturas y 647 de 647 variantes iguales
CrearObjetoMundo	792	IGUAL	src/objetos/crear_g13.c	6 de 6 capturas y 540 de 540 variantes iguales
func_80037738	548	IGUAL_V0	src/objetos/camara_g08.c	0 de 2 capturas y 9 de 88 variantes iguales
func_80032B98	952	IGUAL	src/sabrina/hechizos_g13.c	8 de 8 capturas y 647 de 647 variantes iguales
func_80036880	1240	IGUAL	src/objetos/camara_g08.c	8 de 8 capturas y 654 de 654 variantes iguales
func_80036D58	1296	IGUAL	src/objetos/camara_g08.c	4 de 4 capturas y 349 de 349 variantes iguales
func_80056584	1156	IGUAL_V0	src/objetos/atraido_g13.c	1 de 2 capturas y 50 de 137 variantes iguales (solo difiere v0)
func_800325AC	1516	IGUAL	src/sabrina/acciones_g13.c	8 de 8 capturas y 505 de 505 variantes iguales
func_80047AA4	932	IGUAL	src/WobjCode/anotados_g13.c	2 de 2 capturas y 190 de 190 variantes iguales
func_80037A18	932	IGUAL	src/objetos/camara_g08.c	8 de 8 capturas y 635 de 635 variantes iguales
func_80045278	1788	IGUAL_V0	src/objetos/enemigo_g13.c	2 de 2 capturas y 154 de 168 variantes iguales (solo difiere v0)
func_80046428	1796	IGUAL_V0	src/objetos/enemigo_g13.c	2 de 2 capturas y 149 de 161 variantes iguales (solo difiere v0)
func_80035314	3900	IGUAL	src/objetos/camara_g08.c	8 de 8 capturas y 505 de 505 variantes iguales
func_80030208	3164	IGUAL_V0	src/sabrina/paso_g13.c	8 de 8 capturas y 275 de 277 variantes iguales
func_80038318	1536	IGUAL_V0	src/objetos/atraido_g13.c	1 de 2 capturas y 143 de 211 variantes iguales (solo difiere v0)
ActivarObjetosCercanos	544	IGUAL	src/objetos/crear_g13.c	8 de 8 capturas y 1039 de 1039 variantes iguales
func_800489C4	816	IGUAL	src/objetos/enemigo_g13.c	2 de 2 capturas y 164 de 164 variantes iguales
func_8004D0C0	2564	IGUAL_V0	src/objetos/portal_g13.c	8 de 8 capturas y 540 de 613 variantes iguales (solo difiere v0)
FisicaObjeto	2436	IGUAL	src/colision/fisica_g13.c	8 de 8 capturas y 716 de 716 variantes iguales
func_80056CE8	1684	IGUAL_V0	src/objetos/tienda_g13.c	2 de 2 capturas y 134 de 151 variantes iguales
DibujarTexto	900	IGUAL	src/Font/texto_g13.c	8 de 8 capturas y 716 de 716 variantes iguales
func_8002367C	1136	IGUAL	src/Screen/sprites_g13.c	8 de 8 capturas y 389 de 389 variantes iguales
func_8003C1E8	832	IGUAL	src/objetos/enemigo_g13.c	2 de 2 capturas y 173 de 173 variantes iguales
func_800365F0	656	IGUAL	src/objetos/camara_g08.c	8 de 8 capturas y 650 de 650 variantes iguales
func_80031698	572	IGUAL	src/sabrina/revivir_g13.c	6 de 6 capturas y 310 de 310 variantes iguales
CrearRecogible	608	IGUAL	src/objetos/crear_g13.c	2 de 2 capturas y 166 de 166 variantes iguales
func_8004FA54	504	IGUAL	src/Screen/sprites_g13.c	3 de 3 capturas y 406 de 406 variantes iguales
func_800607AC	516	IGUAL	src/objetos/enemigo_g13.c	2 de 2 capturas y 122 de 122 variantes iguales
func_80053C74	612	IGUAL	src/objetos/marca_g13.c	2 de 2 capturas y 182 de 182 variantes iguales
func_800113DC	624	IGUAL	src/libgpu/entorno_g13.c	8 de 8 capturas y 689 de 689 variantes iguales
func_8005C358	1416	IGUAL	src/objetos/selector_g13.c	2 de 2 capturas y 154 de 154 variantes iguales
func_80054068	1748	IGUAL	src/objetos/activador_g13.c	2 de 2 capturas y 121 de 121 variantes iguales
DibujarCeldasVisibles	508	IGUAL	src/geometria/celdas_g13.c	8 de 8 capturas y 574 de 574 variantes iguales
func_80010920	696	IGUAL	src/libgpu/fuente_g13.c	6 de 6 capturas y 784 de 784 variantes iguales
ImprimirDepuracion	960	IGUAL	src/libgpu/fuente_g13.c	8 de 8 capturas y 832 de 832 variantes iguales
func_800318F4	3256	IGUAL	src/sabrina/moverse_g13.c	8 de 8 capturas y 601 de 601 variantes iguales
func_8004B320	2688	IGUAL	src/objetos/entrar_nivel_g13.c	6 de 6 capturas y 336 de 336 variantes iguales
func_800509A8	64	IGUAL	src/varios/tarjeta_g13.c	1 de 1 capturas y 24 de 24 variantes iguales
func_80050938	112	IGUAL	src/varios/tarjeta_g13.c	1 de 1 capturas y 23 de 23 variantes iguales
func_8003BFC4	40	IGUAL	src/objetos/aviso_g13.c	2 de 2 capturas y 244 de 244 variantes iguales
func_8003477C	628	IGUAL	src/objetos/ruta_g13.c	8 de 8 capturas y 575 de 575 variantes iguales
func_8005BA10	1216	IGUAL	src/objetos/selector_g13.c	8 de 8 capturas y 561 de 561 variantes iguales
func_800349F0	1428	IGUAL	src/objetos/reaparicion_g13.c	8 de 8 capturas y 584 de 584 variantes iguales
func_8005ED8C	5092	IGUAL	src/objetos/jefe_g13.c	3 de 3 capturas y 258 de 258 variantes iguales
func_8004E32C	684	IGUAL	src/varios/banco_g13.c	8 de 8 capturas y 630 de 630 variantes iguales
func_8002886C	1000	IGUAL	src/psyq/mando_g13.c	8 de 8 capturas y 743 de 743 variantes iguales
func_80028D40	844	IGUAL	src/psyq/mando_g13.c	8 de 8 capturas y 651 de 651 variantes iguales
func_80025EF8	820	IGUAL	src/psyq/mando_g13.c	8 de 8 capturas y 672 de 672 variantes iguales
func_8001321C	1272	IGUAL	src/libgpu/pantalla_g13.c	8 de 8 capturas y 756 de 756 variantes iguales
func_8001981C	1000	IGUAL	src/Screen/menu_g13.c	8 de 8 capturas y 916 de 916 variantes iguales
DanoPorSuelo	1864	IGUAL	src/colision/suelo_dano_g13.c	8 de 8 capturas y 707 de 707 variantes iguales
func_80021A30	100	IGUAL	src/Screen/cuadro_g13.c	6 de 6 capturas (sin variantes: lenta)
func_8001EDE4	1112	IGUAL_V0	src/Particle/particula_g13.c	8 de 8 capturas iguales salvo v0 (void)
func_8002805C	636	IGUAL	src/psyq/mando_g13.c	8 de 8 capturas y 772 de 772 variantes iguales
Reservar	584	IGUAL	src/varios/reservar_g13.c	8 de 8 capturas y 702 de 702 variantes iguales
func_800460CC	860	IGUAL_V0	src/objetos/enemigo_iniciar_g13.c	2 de 2 capturas iguales salvo v0 (void)
func_8004EEF4	968	IGUAL_V0	src/varios/tarjeta_lista_g13.c	2 de 2 capturas iguales salvo v0 (void)
func_80012B0C	372	IGUAL	src/libgpu/reset_g13.c	1 de 1 capturas y 22 de 22 variantes iguales
func_80012CDC	152	IGUAL	src/libgpu/reset_g13.c	2 de 2 capturas y 171 de 171 variantes iguales
func_80012C80	92	IGUAL	src/libgpu/reset_g13.c	1 de 1 capturas y 102 de 102 variantes iguales
func_80012AE4	36	IGUAL	src/libgpu/reset_g13.c	2 de 2 capturas y 56 de 56 variantes iguales
func_8001668C	328	IGUAL	src/psyq/libetc_g13.c	2 de 2 capturas y 198 de 198 variantes iguales
func_800168EC	36	IGUAL	src/psyq/libetc_g13.c	1 de 1 capturas y 28 de 28 variantes iguales
func_80016910	48	IGUAL	src/psyq/libetc_g13.c	2 de 2 capturas y 155 de 155 variantes iguales
func_80016940	48	IGUAL	src/psyq/libetc_g13.c	2 de 2 capturas y 125 de 125 variantes iguales
func_800169A0	52	IGUAL	src/psyq/libetc_g13.c	1 de 1 capturas y 76 de 76 variantes iguales
func_80016AC4	36	IGUAL	src/psyq/libetc_g13.c	1 de 1 capturas y 29 de 29 variantes iguales
func_80016D78	36	IGUAL	src/psyq/libetc_g13.c	1 de 1 capturas y 29 de 29 variantes iguales
func_80016AF4	88	IGUAL	src/psyq/libetc_g13.c	1 de 1 capturas y 85 de 85 variantes iguales
func_80016DA0	76	IGUAL	src/psyq/libetc_g13.c	1 de 1 capturas y 72 de 72 variantes iguales
func_800190C0	280	IGUAL	src/Font/textos_g13.c	1 de 1 capturas y 93 de 93 variantes iguales
func_800193F8	108	IGUAL	src/Font/textos_g13.c	2 de 2 capturas y 158 de 158 variantes iguales
func_800163E4	216	DISTINTO	src/psyq/libetc_g13.c	1 de 2 capturas y 152 de 251 variantes iguales; difieren 2 palabras en 80063950: el setjmp (func_80016170) guarda la direccion de vuelta y la pila del que llama, que en el C son otras
ReproducirSTR	184	NO_TERMINA	src/Screen/video_g13.c	la original no termina en el emulador (espera al hardware)
PantallasLegales	456	NO_TERMINA	src/Screen/video_g13.c	la original no termina en el emulador (espera al hardware)
func_800144C4	156	IGUAL	src/libgpu/canal_g13.c	1 de 1 capturas y 58 de 58 variantes iguales
func_80014598	52	IGUAL	src/libgpu/canal_g13.c	1 de 1 capturas y 56 de 56 variantes iguales
func_80016F38	544	IGUAL	src/psyq/libgs_g13.c	1 de 1 capturas y 52 de 52 variantes iguales
func_80010000	48	IGUAL	src/varios/arranque_g13.c	1 de 1 capturas y 84 de 84 variantes iguales
func_80021C48	156	IGUAL	src/geometria/azar_g13.c	1 de 1 capturas y 13 de 13 variantes iguales
func_80028D0C	52	IGUAL	src/psyq/mando_g13.c	1 de 1 capturas y 50 de 50 variantes iguales
func_80029ED4	36	IGUAL	src/psyq/mando_g13.c	1 de 1 capturas y 51 de 51 variantes iguales
func_800283C4	568	IGUAL	src/psyq/mando_g13.c	1 de 1 capturas y 24 de 24 variantes iguales
func_8004CB48	1400	IGUAL	src/objetos/puerta_mundo_g13.c	2 de 2 capturas y 152 de 152 variantes iguales
func_8005BED0	1160	IGUAL	src/objetos/selector_g13.c	1 de 1 capturas y 37 de 37 variantes iguales
func_80047064	324	IGUAL	src/Font/creditos_g13.c	2 de 2 capturas y 238 de 238 variantes iguales
func_8004DAC4	168	IGUAL	src/objetos/puerta_mundo_g13.c	2 de 2 capturas y 208 de 208 variantes iguales
func_8003DC48	252	IGUAL	src/audio/iniciar_sonido_g13.c	1 de 1 capturas (sin variantes: lenta)
func_8004EB04	204	IGUAL	src/varios/tarjeta_lista_g13.c	1 de 1 capturas y 124 de 124 variantes iguales
func_8003EAF8	36	IGUAL	src/audio/tempo_g13.c	1 de 1 capturas y 63 de 63 variantes iguales
func_8004DC10	104	IGUAL	src/varios/reservar_g13.c	1 de 1 capturas y 116 de 116 variantes iguales
func_80055A38	448	IGUAL	src/objetos/sorpresa_g13.c	2 de 2 capturas y 164 de 164 variantes iguales
func_8003E914	68	IGUAL	src/audio/tempo_g13.c	1 de 1 capturas y 35 de 35 variantes iguales
func_8005DDE8	36	IGUAL	src/Screen/video_g13.c	1 de 1 capturas y 69 de 69 variantes iguales
func_8005D164	108	IGUAL	src/Screen/video_g13.c	2 de 2 capturas y 198 de 198 variantes iguales
func_8005DCD4	124	IGUAL	src/Screen/video_g13.c	2 de 2 capturas y 189 de 189 variantes iguales
func_8005D844	92	IGUAL	src/Screen/video_g13.c	1 de 1 capturas y 89 de 89 variantes iguales
func_8005D9C0	144	IGUAL	src/Screen/video_g13.c	2 de 2 capturas y 106 de 106 variantes iguales
func_8005D1D0	156	IGUAL	src/Screen/video_g13.c	2 de 2 capturas y 258 de 258 variantes iguales
func_80041CD8	560	IGUAL	src/audio/tempo_g13.c	1 de 1 capturas y 22 de 22 variantes iguales
func_8003E0C4	448	IGUAL	src/audio/tempo_g13.c	1 de 1 capturas y 37 de 37 variantes iguales
func_80034710	96	IGUAL	src/objetos/enemigo2_g13.c	2 de 2 capturas y 131 de 131 variantes iguales
func_8003D5F4	500	IGUAL	src/objetos/enemigo2_g13.c	2 de 2 capturas y 85 de 85 variantes iguales
func_80045CF4	492	IGUAL	src/objetos/enemigo2_g13.c	2 de 2 capturas y 169 de 169 variantes iguales
func_8002E51C	1792	IGUAL_V0	src/objetos/enemigo_g13.c	2 de 2 capturas y 109 de 112 variantes iguales
func_8001C390	52	IGUAL	src/geometria/azar_g13.c	2 de 2 capturas y 212 de 212 variantes iguales
func_8004DB6C	164	IGUAL	src/objetos/puerta_mundo_g13.c	2 de 2 capturas y 227 de 227 variantes iguales
func_80048104	96	IGUAL	src/objetos/ruta_g13.c	1 de 1 capturas y 69 de 69 variantes iguales
func_80052784	296	IGUAL	src/objetos/ruta_g13.c	2 de 2 capturas y 197 de 197 variantes iguales
func_800528AC	1452	IGUAL_V0	src/objetos/teleporte_g13.c	las 2 capturas iguales salvo v0
func_80054894	452	IGUAL	src/objetos/sorpresa_g13.c	2 de 2 capturas y 154 de 154 variantes iguales
func_80048DC0	684	IGUAL	src/objetos/enemigo_g13.c	1 de 1 capturas y 73 de 73 variantes iguales
func_80054C5C	1440	IGUAL_V0	src/objetos/gema_hechizo_g13.c	2 de 2 capturas y 154 de 187 variantes iguales (resto solo v0)
func_800573C0	592	IGUAL	src/objetos/ruta_g13.c	1 de 1 capturas y 62 de 62 variantes iguales
func_80057800	332	IGUAL	src/objetos/enemigo_g13.c	2 de 2 capturas y 153 de 153 variantes iguales
func_80020294	604	IGUAL	src/geometria/triangulos_g13.c	8 de 8 capturas y 411 de 411 variantes iguales
func_80017B5C	24	IGUAL	src/geometria/triangulos_g13.c	1 de 1 capturas y 68 de 68 variantes iguales
func_80017B7C	12	IGUAL	src/geometria/triangulos_g13.c	1 de 1 capturas y 64 de 64 variantes iguales
sintetica: 1 de 1 capturas y 69 de 69 variantes iguales		IGUAL		
sintetica: 1 de 1 capturas y 44 de 44 variantes iguales		IGUAL		
sintetica: 1 de 1 capturas y 78 de 78 variantes iguales		IGUAL		
sintetica: 1 de 1 capturas y 70 de 70 variantes iguales		IGUAL		
sintetica: 1 de 1 capturas y 136 de 136 variantes iguales		IGUAL		
sintetica: 1 de 1 capturas y 25 de 25 variantes iguales		IGUAL		
sintetica: 1 de 1 capturas y 99 de 99 variantes iguales		IGUAL		
sintetica: 0 de 1 capturas y 3 de 100 variantes iguales		IGUAL		
sintetica: 1 de 1 capturas y 95 de 95 variantes iguales		IGUAL		
sintetica: 1 de 1 capturas y 82 de 82 variantes iguales		IGUAL		
sintetica: 1 de 1 capturas y 127 de 127 variantes iguales		IGUAL		
func_80014560	56	IGUAL_SINT	src/libgpu/canal_g13.c	sintetica: 1 de 1 capturas y 69 de 69 variantes iguales
func_8001062C	68	IGUAL_SINT	src/varios/arranque_g13.c	sintetica: 1 de 1 capturas y 38 de 38 variantes iguales
func_8001C2D0	52	IGUAL_SINT	src/geometria/azar_g13.c	sintetica: 1 de 1 capturas y 103 de 103 variantes iguales
func_80013D24	40	IGUAL_SINT	src/psyq/libetc_g13.c	sintetica: 1 de 1 capturas y 60 de 60 variantes iguales
func_80021190	68	IGUAL_SINT	src/libgpu/pantalla_g13.c	sintetica: 1 de 1 capturas y 76 de 76 variantes iguales
func_800447DC	8	IGUAL_SINT	src/varios/sueltas_g13.c	sintetica: 1 de 1 capturas y 44 de 44 variantes iguales
func_8004EA90	28	IGUAL_SINT	src/varios/sueltas_g13.c	sintetica: 1 de 1 capturas y 78 de 78 variantes iguales
func_8005C940	36	IGUAL_SINT	src/varios/sueltas_g13.c	sintetica: 1 de 1 capturas y 70 de 70 variantes iguales
func_800522B0	52	IGUAL_SINT	src/varios/sueltas_g13.c	sintetica: 1 de 1 capturas y 136 de 136 variantes iguales
func_8002244C	108	IGUAL_SINT	src/varios/sueltas_g13.c	sintetica: 1 de 1 capturas y 25 de 25 variantes iguales
func_800534A0	56	IGUAL_SINT	src/objetos/listas_g13.c	sintetica: 1 de 1 capturas y 99 de 99 variantes iguales
func_80052F6C	84	IGUAL_SINT	src/objetos/listas_g13.c	sintetica: 1 de 1 capturas y 95 de 95 variantes iguales
func_8003B53C	64	IGUAL_SINT	src/objetos/listas_g13.c	sintetica: 1 de 1 capturas y 82 de 82 variantes iguales
func_800300C4	104	IGUAL_SINT	src/sabrina/vida_g13.c	sintetica: 1 de 1 capturas y 127 de 127 variantes iguales
func_80026D50	96	IGUAL_SINT	src/psyq/mando_g13.c	sintetica: 1 de 1 capturas y 67 de 67 variantes iguales
func_80027248	104	IGUAL_SINT	src/psyq/mando_g13.c	sintetica: 1 de 1 capturas y 46 de 46 variantes iguales
func_800272B0	152	IGUAL_SINT	src/psyq/mando_g13.c	sintetica: 1 de 1 capturas y 41 de 41 variantes iguales
func_80027D44	56	IGUAL_SINT	src/psyq/mando_g13.c	sintetica: 1 de 1 capturas y 61 de 61 variantes iguales
func_800537C4	68	IGUAL_SINT	src/objetos/listas_g13.c	sintetica: 1 de 1 capturas y 86 de 86 variantes iguales
func_80053808	152	IGUAL_SINT	src/objetos/listas_g13.c	sintetica: 1 de 1 capturas y 105 de 105 variantes iguales
func_8005794C	196	IGUAL_SINT	src/objetos/listas_g13.c	sintetica: 1 de 1 capturas y 100 de 100 variantes iguales
func_80029A1C	52	IGUAL_SINT	src/varios/sueltas_g13.c	sintetica: 1 de 1 capturas y 126 de 126 variantes iguales
func_8001A4C0	352	IGUAL_SINT	src/libgpu/paletas_vram_g13.c	sintetica: 1 de 1 capturas y 66 de 66 variantes iguales
func_80027BC8	212	IGUAL_SINT	src/psyq/mando_g13.c	sintetica: 1 de 1 capturas y 24 de 24 variantes iguales
func_80027C9C	168	IGUAL_SINT	src/psyq/mando_g13.c	sintetica: 1 de 1 capturas y 75 de 75 variantes iguales
func_800299E8	52	IGUAL_SINT	src/varios/sueltas_g13.c	sintetica: 1 de 1 capturas y 78 de 78 variantes iguales
func_8002D540	44	IGUAL_SINT	src/varios/sueltas_g13.c	sintetica: 1 de 1 capturas y 1 de 1 variantes iguales
func_8003B4DC	96	IGUAL_SINT	src/objetos/listas_g13.c	sintetica: 1 de 1 capturas y 103 de 103 variantes iguales
func_8003BC04	176	IGUAL_SINT	src/objetos/listas_g13.c	sintetica: 1 de 1 capturas y 98 de 98 variantes iguales
func_8004E6C0	108	IGUAL_SINT	src/varios/arranque_g13.c	sintetica: 1 de 1 capturas y 37 de 37 variantes iguales
func_800551FC	148	IGUAL_SINT	src/objetos/listas_g13.c	sintetica: 1 de 1 capturas y 89 de 89 variantes iguales
func_80010670	88	IGUAL_SINT	src/varios/arranque_g13.c	sintetica: 1 de 1 capturas y 43 de 43 variantes iguales
func_8004F968	52	IGUAL_SINT	src/varios/sueltas_g13.c	sintetica: 1 de 1 capturas y 62 de 62 variantes iguales
func_8004F99C	44	IGUAL_SINT	src/varios/sueltas_g13.c	sintetica: 1 de 1 capturas y 60 de 60 variantes iguales
func_80041FC8	384	IGUAL_SINT	src/audio/secuencia_g13.c	sintetica: 1 de 1 capturas y 82 de 82 variantes iguales
func_80046B2C	36	IGUAL	src/Screen/menu_cambios_g13.c	2 de 2 capturas y 256 de 256 variantes iguales
func_80046B6C	36	IGUAL	src/Screen/menu_cambios_g13.c	1 de 1 capturas y 128 de 128 variantes iguales
func_800471A8	36	IGUAL	src/Screen/menu_cambios_g13.c	1 de 1 capturas y 128 de 128 variantes iguales
func_80046BAC	24	IGUAL	src/Screen/menu_cambios_g13.c	1 de 1 capturas y 124 de 124 variantes iguales
func_80046EC0	24	IGUAL	src/Screen/menu_cambios_g13.c	2 de 2 capturas y 248 de 248 variantes iguales
func_80046D54	24	IGUAL	src/Screen/menu_cambios_g13.c	1 de 1 capturas y 124 de 124 variantes iguales
func_8001201C	36	IGUAL	src/libgpu/canal_g13.c	8 de 8 capturas y 680 de 680 variantes iguales
func_8004F9C8	48	IGUAL	src/varios/sueltas_g13.c	1 de 1 capturas y 124 de 124 variantes iguales
func_8003DD74	16	IGUAL	src/varios/sueltas_g13.c	6 de 6 capturas y 384 de 384 variantes iguales
func_8005655C	40	IGUAL	src/objetos/listas_g13.c	1 de 1 capturas y 67 de 67 variantes iguales
func_800471F8	60	IGUAL	src/varios/sueltas_g13.c	1 de 1 capturas y 47 de 47 variantes iguales
func_800191D8	92	IGUAL	src/varios/sueltas_g13.c	2 de 2 capturas y 181 de 181 variantes iguales
func_8004866C	76	IGUAL	src/objetos/listas_g13.c	4 de 4 capturas y 438 de 438 variantes iguales
func_80048024	112	IGUAL	src/Screen/menu_cambios_g13.c	1 de 1 capturas y 62 de 62 variantes iguales
func_80050828	172	IGUAL	src/varios/tarjeta_eventos_g13.c	8 de 8 capturas y 1046 de 1046 variantes iguales
func_80045EE0	196	IGUAL	src/objetos/listas_g13.c	2 de 2 capturas y 180 de 180 variantes iguales
func_8003C8F8	228	IGUAL	src/objetos/listas_g13.c	2 de 2 capturas y 80 de 80 variantes iguales
func_80056B18	248	IGUAL	src/objetos/listas_g13.c	1 de 1 capturas y 47 de 47 variantes iguales
func_80027D7C	116	IGUAL	src/psyq/mando_g13.c	1 de 1 capturas y 76 de 76 variantes iguales
func_80027DF0	280	IGUAL	src/psyq/mando_g13.c	8 de 8 capturas y 888 de 888 variantes iguales
func_8005DA50	140	IGUAL	src/Screen/video_g13.c	2 de 2 capturas y 157 de 157 variantes iguales
func_8005B994	124	IGUAL	src/objetos/listas_g13.c	2 de 2 capturas y 157 de 157 variantes iguales
func_80056C18	208	IGUAL	src/objetos/listas_g13.c	2 de 2 capturas y 170 de 170 variantes iguales
func_80057B38	360	IGUAL	src/objetos/listas_g13.c	1 de 1 capturas y 49 de 49 variantes iguales
func_80049FCC	372	IGUAL	src/objetos/listas_g13.c	1 de 1 capturas y 52 de 52 variantes iguales
func_8003D478	380	IGUAL	src/objetos/listas_g13.c	2 de 2 capturas y 84 de 84 variantes iguales
func_80035190	388	IGUAL	src/objetos/listas_g13.c	6 de 6 capturas y 438 de 438 variantes iguales
func_80045B60	404	IGUAL	src/objetos/listas_g13.c	2 de 2 capturas y 128 de 128 variantes iguales
func_800563C4	408	IGUAL	src/objetos/listas_g13.c	1 de 1 capturas y 45 de 45 variantes iguales
func_80023E3C	408	IGUAL	src/Screen/fondo_g13.c	3 de 3 capturas y 259 de 259 variantes iguales
func_80057CA0	492	IGUAL	src/objetos/enemigo2_g13.c	2 de 2 capturas y 174 de 174 variantes iguales
func_8002E030	196	IGUAL	src/objetos/enemigo2_g13.c	2 de 2 capturas y 178 de 178 variantes iguales
func_800496E4	528	IGUAL	src/objetos/enemigo2_g13.c	2 de 2 capturas y 114 de 114 variantes iguales
func_8004951C	456	IGUAL	src/objetos/enemigo2_g13.c	2 de 2 capturas y 111 de 111 variantes iguales
func_80049A28	424	IGUAL	src/objetos/enemigo2_g13.c	2 de 2 capturas y 126 de 126 variantes iguales
func_80049BD0	528	IGUAL	src/objetos/enemigo2_g13.c	2 de 2 capturas y 89 de 89 variantes iguales
func_80049388	404	IGUAL	src/objetos/enemigo2_g13.c	2 de 2 capturas y 79 de 79 variantes iguales
func_80054A58	508	IGUAL	src/objetos/listas_g13.c	2 de 2 capturas y 135 de 135 variantes iguales
func_80026778	168	IGUAL_SINT	src/psyq/mando_g13.c	sintetica: 1 de 1 capturas y 35 de 35 variantes iguales
func_80047010	64	IGUAL_SINT	src/varios/sueltas_g13.c	sintetica: 1 de 1 capturas y 106 de 106 variantes iguales
func_800224B8	112	IGUAL_SINT	src/varios/sueltas_g13.c	sintetica: 1 de 1 capturas y 57 de 57 variantes iguales
func_80019738	172	IGUAL_SINT	src/varios/sueltas_g13.c	sintetica: 1 de 1 capturas y 90 de 90 variantes iguales
func_80055F34	140	IGUAL_SINT	src/objetos/listas_g13.c	sintetica: 1 de 1 capturas y 25 de 25 variantes iguales
func_80038FAC	132	IGUAL_SINT	src/objetos/listas_g13.c	sintetica: 1 de 1 capturas y 42 de 42 variantes iguales
func_80052EA4	200	IGUAL_SINT	src/objetos/listas_g13.c	sintetica: 1 de 1 capturas y 67 de 67 variantes iguales
func_8004E2CC	24	IGUAL_SINT	src/varios/arranque_g13.c	sintetica: 1 de 1 capturas y 17 de 17 variantes iguales
func_80039670	204	IGUAL_SINT	src/objetos/listas_g13.c	sintetica: 1 de 1 capturas y 71 de 71 variantes iguales
func_80048804	252	IGUAL_SINT	src/objetos/enemigo2_g13.c	sintetica: 1 de 1 capturas y 57 de 57 variantes iguales
func_80037DE0	256	IGUAL_SINT	src/objetos/listas_g13.c	sintetica: 1 de 1 capturas y 66 de 66 variantes iguales
func_800389DC	280	IGUAL_SINT	src/objetos/agarrable_g13.c	sintetica: 1 de 1 capturas y 74 de 74 variantes iguales
func_80038C38	256	IGUAL_SINT	src/objetos/agarrable_g13.c	sintetica: 1 de 1 capturas y 71 de 71 variantes iguales
func_80038D38	280	IGUAL_SINT	src/objetos/agarrable_g13.c	sintetica: 1 de 1 capturas y 75 de 75 variantes iguales
func_8003BCB4	280	IGUAL_SINT	src/objetos/listas_g13.c	sintetica: 1 de 1 capturas y 66 de 66 variantes iguales
func_8004C730	236	IGUAL_SINT	src/objetos/agarrable_g13.c	sintetica: 1 de 1 capturas y 66 de 66 variantes iguales
func_8004A140	492	IGUAL	src/objetos/enemigo2_g13.c	2 de 2 capturas y 174 de 174 variantes iguales
func_80059FBC	560	IGUAL	src/objetos/jefe_golpes_g13.c	2 de 2 capturas y 157 de 157 variantes iguales
func_8005B150	580	IGUAL	src/objetos/anacronico_g13.c	2 de 2 capturas y 185 de 185 variantes iguales
func_8005EAD4	684	IGUAL	src/objetos/jefe_golpes_g13.c	1 de 1 capturas y 32 de 32 variantes iguales
func_8003019C	108	IGUAL	src/sabrina/estados.c	6 de 6 capturas y 583 de 583 variantes iguales
func_80019374	132	IGUAL	src/Font/letras_g03.c	8 de 8 capturas y 504 de 504 variantes iguales
func_800249CC	124	IGUAL	src/WobjCode/objetos_g06.c	6 de 6 capturas y 296 de 296 variantes iguales
func_8003CF60	172	IGUAL	src/objetos/objeto_g09.c	2 de 2 capturas y 188 de 188 variantes iguales
func_80044D64	196	IGUAL	src/objetos/objeto_g09.c	2 de 2 capturas y 150 de 150 variantes iguales
func_8005329C	332	IGUAL_SINT	src/objetos/listas_g13.c	sintetica: 1 de 1 capturas y 55 de 55 variantes iguales
func_8003BE38	396	IGUAL_SINT	src/objetos/listas_g13.c	sintetica: 1 de 1 capturas y 58 de 58 variantes iguales
func_8001A108	288	IGUAL_SINT	src/libgpu/paletas_vram_g13.c	sintetica: 1 de 1 capturas y 50 de 50 variantes iguales
func_80019FBC	332	IGUAL_SINT	src/libgpu/paletas_vram_g13.c	sintetica: 1 de 1 capturas y 55 de 55 variantes iguales
func_800605C8	484	IGUAL_SINT	src/objetos/ruta_g13.c	sintetica: 1 de 1 capturas y 3 de 3 variantes iguales
func_8001951C	540	IGUAL_SINT	src/varios/sueltas_g13.c	sintetica: 1 de 1 capturas y 86 de 86 variantes iguales; mutantes muertos 4/6
func_80039350	800	IGUAL_SINT	src/objetos/agarrable_g13.c	sintetica: 1 de 1 capturas y 49 de 49 variantes iguales; mutantes muertos 4/6
func_80026820	1016	IGUAL_SINT	src/psyq/mando_g13.c	sintetica: 1 de 1 capturas y 34 de 34 variantes iguales; mutantes muertos 0/6 (DEBIL: depende de hardware o archivos)
func_8004A4A8	1596	IGUAL	src/objetos/anacronico_g13.c	2 de 2 capturas y 188 de 188 variantes iguales
func_80027AD0	248	IGUAL	src/psyq/mando_g13.c	1 de 1 capturas y 38 de 38 variantes iguales
func_8004F2BC	28	IGUAL_SINT	src/varios/sueltas_g13.c	1 de 1 capturas y 64 de 64 variantes iguales
func_8004F4F0	28	IGUAL_SINT	src/varios/sueltas_g13.c	1 de 1 capturas y 51 de 51 variantes iguales
func_8004F94C	28	IGUAL_SINT	src/varios/sueltas_g13.c	1 de 1 capturas y 53 de 53 variantes iguales
func_8004F9F8	24	IGUAL_SINT	src/varios/sueltas_g13.c	1 de 1 capturas y 68 de 68 variantes iguales
func_80047240	32	IGUAL_SINT	src/varios/sueltas_g13.c	1 de 1 capturas y 72 de 72 variantes iguales
func_80046B50	28	IGUAL_SINT	src/varios/sueltas_g13.c	1 de 1 capturas y 124 de 124 variantes iguales
func_800318D4	32	IGUAL_SINT	src/varios/sueltas_g13.c	1 de 1 capturas y 118 de 118 variantes iguales
func_80055624	16	IGUAL_SINT	src/objetos/listas_g13.c	1 de 1 capturas y 27 de 27 variantes iguales
func_80055BF8	16	IGUAL_SINT	src/objetos/listas_g13.c	1 de 1 capturas y 24 de 24 variantes iguales
func_8005B780	20	IGUAL_SINT	src/objetos/listas_g13.c	1 de 1 capturas y 96 de 96 variantes iguales
func_80037DBC	36	IGUAL_SINT	src/objetos/listas_g13.c	1 de 1 capturas y 132 de 132 variantes iguales
func_80055290	48	IGUAL_SINT	src/objetos/listas_g13.c	1 de 1 capturas y 103 de 103 variantes iguales
func_8003973C	76	IGUAL_SINT	src/objetos/listas_g13.c	1 de 1 capturas y 98 de 98 variantes iguales
func_80038EB4	84	IGUAL_SINT	src/objetos/listas_g13.c	1 de 1 capturas y 79 de 79 variantes iguales
func_8004CA5C	92	IGUAL_SINT	src/objetos/listas_g13.c	1 de 1 capturas y 66 de 66 variantes iguales
func_80026C18	28	IGUAL_SINT	src/psyq/mando_g13.c	1 de 1 capturas y 34 de 34 variantes iguales
func_80026CFC	84	IGUAL_SINT	src/psyq/mando_g13.c	1 de 1 capturas y 33 de 33 variantes iguales
func_80041F54	72	IGUAL_SINT	src/audio/secuencia_g13.c	1 de 1 capturas y 78 de 78 variantes iguales
func_8003EA38	88	IGUAL_SINT	src/audio/tempo_g13.c	1 de 1 capturas y 32 de 32 variantes iguales
func_80038E50	100	IGUAL_SINT	src/objetos/agarrable_g13.c	1 de 1 capturas y 72 de 72 variantes iguales
func_8003BDCC	100	IGUAL_SINT	src/objetos/agarrable_g13.c	1 de 1 capturas y 90 de 90 variantes iguales
func_80059F2C	136	DISTINTO	src/objetos/agarrable_g13.c	1 de 1 capturas y 93 de 94 variantes iguales
func_800558F8	160	IGUAL_SINT	src/objetos/agarrable_g13.c	1 de 1 capturas y 82 de 82 variantes iguales
func_8005473C	176	IGUAL_SINT	src/objetos/agarrable_g13.c	1 de 1 capturas y 83 de 83 variantes iguales
func_80031000	180	IGUAL_SINT	src/sabrina/vida_g13.c	1 de 1 capturas y 111 de 111 variantes iguales
func_80038918	196	IGUAL_SINT	src/objetos/agarrable_g13.c	1 de 1 capturas y 100 de 100 variantes iguales
func_8003D094	196	IGUAL_SINT	src/objetos/listas_g13.c	1 de 1 capturas y 100 de 100 variantes iguales
func_80045974	196	IGUAL_SINT	src/objetos/listas_g13.c	1 de 1 capturas y 98 de 98 variantes iguales
func_80049DE0	196	IGUAL_SINT	src/objetos/listas_g13.c	1 de 1 capturas y 97 de 97 variantes iguales
func_80038154	200	IGUAL_SINT	src/objetos/listas_g13.c	1 de 1 capturas y 93 de 93 variantes iguales
func_8003CE04	236	IGUAL_SINT	src/objetos/listas_g13.c	1 de 1 capturas y 102 de 102 variantes iguales
func_80060274	244	IGUAL_SINT	src/objetos/listas_g13.c	1 de 1 capturas y 98 de 98 variantes iguales
func_80053138	280	IGUAL_SINT	src/objetos/agarrable_g13.c	1 de 1 capturas y 106 de 106 variantes iguales
func_800538A0	304	IGUAL_SINT	src/objetos/listas_g13.c	1 de 1 capturas y 24 de 24 variantes iguales
func_800123E0	608	IGUAL	src/libgpu/cola_g13.c	8 de 8 capturas y 478 de 478 variantes iguales (con el modelo de GPU desocupada)
func_80022614	772	IGUAL	src/TexAnima/ciclos_g05.c	6 de 6 capturas y 544 de 544 variantes iguales
func_80022918	692	IGUAL	src/TexAnima/ciclos_g05.c	3 de 3 capturas y 279 de 279 variantes iguales
func_80053400	160	IGUAL_SINT	src/objetos/seguir_padre_g14.c	1 de 1 capturas y 48 de 48 variantes iguales
func_80024450	284	NO_TERMINA	src/varios/herramienta_tex_g14.c	la original no termina en el emulador (espera al hardware)
func_80046F74	156	IGUAL_SINT	src/objetos/menu_nivel_g14.c	1 de 1 capturas y 117 de 117 variantes iguales
func_80046ED8	156	IGUAL_SINT	src/objetos/menu_nivel_g14.c	1 de 1 capturas y 121 de 121 variantes iguales
func_80019464	184	IGUAL_SINT	src/objetos/menu_mundo_g14.c	1 de 1 capturas y 114 de 114 variantes iguales
func_8001390C	236	IGUAL_SINT	src/libgpu/imagen_g14.c	1 de 1 capturas y 39 de 39 variantes iguales (con el modelo de GPU desocupada)
func_800139F8	236	IGUAL_SINT	src/libgpu/imagen_g14.c	1 de 1 capturas y 47 de 47 variantes iguales (con el modelo de GPU desocupada)
func_80013C28	252	IGUAL_SINT	src/libgpu/imagen_g14.c	1 de 1 capturas y 136 de 136 variantes iguales (con el modelo de GPU desocupada)
func_80052434	324	IGUAL_SINT	src/varios/tarjeta_sector_g14.c	1 de 1 capturas y 66 de 66 variantes iguales
func_80013AE4	324	IGUAL_SINT	src/libgpu/imagen_g14.c	1 de 1 capturas y 50 de 50 variantes iguales (con el modelo de GPU desocupada)
func_8002A6D0	640	IGUAL	src/psyq/cdsync_g14.c	8 de 8 capturas y 514 de 514 variantes iguales
func_8001A668	236	IGUAL_SINT	src/loadtga/voltear_g14.c	1 de 1 capturas y 35 de 35 variantes iguales
func_800484CC	416	IGUAL_SINT	src/objetos/punto_al_azar_g14.c	1 de 1 capturas y 3 de 3 variantes iguales (pocas: casi todas hacen saltar la trampa de suma)
func_8002A950	712	IGUAL	src/psyq/cdsync_g14.c	8 de 8 capturas y 952 de 952 variantes iguales
func_8001A228	664	IGUAL_SINT	src/libgpu/espacio_vram_g14.c	2 de 2 capturas y 62 de 62 variantes iguales; mutantes muertos 6/6
func_8001F524	420	IGUAL_SINT	src/varios/herramienta_tex_g14.c	1 de 1 capturas y 0 de 0 variantes iguales
func_8001ADD8	348	IGUAL_SINT	src/Font/glifos_g14.c	2 de 2 capturas y 137 de 137 variantes iguales
func_8004AF50	508	IGUAL_SINT	src/auto/func_8004AF50.c	1 de 1 capturas y 28 de 28 variantes iguales
func_80052578	524	IGUAL_SINT	src/varios/tarjeta_sector_g14.c	1 de 1 capturas y 22 de 22 variantes iguales; mutantes muertos 0/6 (DEBIL: depende de hardware o archivos)
func_80013714	504	IGUAL_SINT	src/libgpu/drawenv_g14.c	1 de 1 capturas y 35 de 35 variantes iguales; mutantes muertos 6/6
func_80039104	556	IGUAL_SINT	src/objetos/agarrar_g14.c	1 de 1 capturas y 34 de 34 variantes iguales; mutantes muertos 5/6
func_8005359C	552	IGUAL_SINT	src/objetos/fuente_g14.c	1 de 1 capturas y 7 de 7 variantes iguales; mutantes muertos 2/6
func_8003B894	660	IGUAL_SINT	src/objetos/rayo_g14.c	1 de 1 capturas y 54 de 54 variantes iguales; mutantes muertos 5/6
func_8005B52C	596	IGUAL_SINT	src/objetos/proyectil_g14.c	1 de 1 capturas y 48 de 48 variantes iguales; mutantes muertos 4/6
func_8003C678	640	IGUAL_SINT	src/objetos/lanzado_g14.c	1 de 1 capturas y 6 de 6 variantes iguales (pocas); mutantes muertos 6/6
func_800552C0	712	IGUAL_SINT	src/objetos/tirador_g14.c	1 de 1 capturas y 59 de 59 variantes iguales; mutantes muertos 6/6
func_8003B57C	792	IGUAL_SINT	src/objetos/rayo_g14.c	1 de 1 capturas y 43 de 43 variantes iguales; mutantes muertos 6/8
func_8003C9DC	1064	IGUAL_SINT	src/objetos/saltarin_g14.c	1 de 1 capturas y 66 de 66 variantes iguales; mutantes muertos 6/8
func_8001A754	1668	IGUAL_SINT	src/loadtga/paleta_g14.c	4 de 4 capturas y 66 de 66 variantes iguales
func_8002CBB0	396	IGUAL	src/audio/cd_musica_g13.c	8 de 8 capturas y 885 de 885 variantes iguales
func_800211D4	256	IGUAL	src/Screen/barra_g13.c	8 de 8 capturas y 309 de 309 variantes iguales
func_8004FD04	48	IGUAL_SINT	src/auto/func_8004FD04.c	1 de 1 capturas y 0 de 0 variantes iguales (solo llama a tres funciones, sin logica propia)
LeerNodoModelo	888	IGUAL	src/modelLoader/leer_nodo_g14.c	6 de 6 capturas y 429 de 429 variantes iguales (2 capturas donde la original no termina, sin comparar)
func_8002A09C	1372	IGUAL	src/psyq/cd_irq_g14.c	8 de 8 capturas y 886 de 886 variantes iguales
func_8002AC18	1036	IGUAL	src/psyq/cdsync_g14.c	5 de 5 capturas y 591 de 591 variantes iguales (3 capturas donde la original no termina, sin comparar)
func_8002BB78	668	IGUAL	src/psyq/cd_dir_g14.c	2 de 2 capturas y 66 de 66 variantes iguales (6 capturas donde la original no termina, sin comparar)
func_8002BE88	728	IGUAL	src/psyq/cd_dir_g14.c	2 de 2 capturas y 172 de 172 variantes iguales (6 capturas donde la original no termina, sin comparar)
func_8005A360	3168	DISTINTO	src/auto/func_8005A360.c	2 de 2 capturas y 107 de 109 variantes iguales
func_8005C9D0	968	NO_TERMINA	src/auto/func_8005C9D0.c	la original no termina en el emulador (espera al hardware)
func_80012130	688	IGUAL	src/libgpu/encolar_g14.c	8 de 8 capturas y 484 de 484 variantes iguales
func_80011D9C	640	IGUAL	src/libgpu/vram_fifo_g14.c	6 de 6 capturas y 434 de 434 variantes iguales
func_8002643C	632	NO_TERMINA	src/auto/func_8002643C.c	la original no termina en el emulador (espera al hardware)
func_80011B60	572	IGUAL	src/libgpu/encolar_g14.c	8 de 8 capturas y 586 de 586 variantes iguales
func_8002622C	528	NO_TERMINA	src/auto/func_8002622C.c	la original no termina en el emulador (espera al hardware)
CargarSonidoNivel	468	NO_TERMINA	src/auto/CargarSonidoNivel.c	la original no termina en el emulador (espera al hardware)
func_800213A0	412	NO_TERMINA	src/auto/func_800213A0.c	la original no termina en el emulador (espera al hardware)
func_80025A10	400	NO_TERMINA	src/auto/func_80025A10.c	la original no termina en el emulador (espera al hardware)
func_8002CD3C	376	IGUAL_V0	src/auto/func_8002CD3C.c	3 de 3 capturas y 316 de 322 variantes iguales (3 capturas donde la original no termina, sin comparar)
func_8005CEBC	368	NO_TERMINA	src/auto/func_8005CEBC.c	la original no termina en el emulador (espera al hardware)
func_800257F4	368	IGUAL	src/auto/func_800257F4.c	8 de 8 capturas y 694 de 694 variantes iguales
func_80029D28	332	IGUAL	src/auto/func_80029D28.c	8 de 8 capturas y 759 de 759 variantes iguales
func_80029AB8	316	IGUAL	src/auto/func_80029AB8.c	8 de 8 capturas y 826 de 826 variantes iguales
func_8005D26C	308	DISTINTO	src/Screen/video_cuadro_g14.c	2 de 2 capturas y 217 de 244 variantes iguales
func_800218D4	244	NO_TERMINA	src/auto/func_800218D4.c	la original no termina en el emulador (espera al hardware)
func_8005D8D0	240	NO_TERMINA	src/auto/func_8005D8D0.c	la original no termina en el emulador (espera al hardware)
func_80011850	224	IGUAL	src/auto/func_80011850.c	8 de 8 capturas y 725 de 725 variantes iguales
func_800273B0	216	NO_TERMINA	src/auto/func_800273B0.c	la original no termina en el emulador (espera al hardware)
func_80027534	196	NO_TERMINA	src/auto/func_80027534.c	la original no termina en el emulador (espera al hardware)
func_80021A94	184	IGUAL	src/Screen/video_arranque_g14.c	1 de 1 capturas y 46 de 46 variantes iguales
CargarINO	184	NO_TERMINA	src/auto/CargarINO.c	la original no termina en el emulador (espera al hardware)
func_8002FFB8	176	NO_TERMINA	src/auto/func_8002FFB8.c	la original no termina en el emulador (espera al hardware)
func_8005CD98	176	IGUAL	src/auto/func_8005CD98.c	1 de 1 capturas y 33 de 33 variantes iguales
func_80027488	172	NO_TERMINA	src/auto/func_80027488.c	la original no termina en el emulador (espera al hardware)
func_80010880	160	IGUAL	src/auto/func_80010880.c	6 de 6 capturas y 621 de 621 variantes iguales
func_8002988C	144	IGUAL	src/auto/func_8002988C.c	1 de 1 capturas y 112 de 112 variantes iguales
func_80018218	144	NO_TERMINA	src/auto/func_80018218.c	la original no termina en el emulador (espera al hardware)
ArchivoAbrir	140	IGUAL	src/auto/ArchivoAbrir.c	3 de 3 capturas y 58 de 58 variantes iguales (5 capturas donde la original no termina, sin comparar)
func_8002CB2C	132	IGUAL	src/auto/func_8002CB2C.c	1 de 1 capturas y 111 de 111 variantes iguales
func_8003DE68	128	IGUAL	src/auto/func_8003DE68.c	1 de 1 capturas y 64 de 64 variantes iguales
func_8005CE48	116	IGUAL	src/auto/func_8005CE48.c	1 de 1 capturas y 106 de 106 variantes iguales
func_8002CEB4	112	NO_TERMINA	src/auto/func_8002CEB4.c	la original no termina en el emulador (espera al hardware)
func_8005C964	108	IGUAL	src/Screen/limpiar_g14.c	1 de 1 capturas y 130 de 130 variantes iguales
func_8003DDFC	108	IGUAL	src/auto/func_8003DDFC.c	6 de 6 capturas y 672 de 672 variantes iguales
func_8002BE14	104	IGUAL	src/auto/func_8002BE14.c	8 de 8 capturas y 876 de 876 variantes iguales
func_8003DDA0	92	IGUAL	src/auto/func_8003DDA0.c	4 de 4 capturas y 256 de 256 variantes iguales
func_80019CC4	84	NO_TERMINA	src/auto/func_80019CC4.c	la original no termina en el emulador (espera al hardware)
func_8003E060	84	IGUAL	src/auto/func_8003E060.c	8 de 8 capturas y 876 de 876 variantes iguales
func_80027368	72	NO_TERMINA	src/auto/func_80027368.c	la original no termina en el emulador (espera al hardware)
CargarArchivoEntero	68	NO_TERMINA	src/auto/CargarArchivoEntero.c	la original no termina en el emulador (espera al hardware)
func_800297CC	60	IGUAL	src/auto/func_800297CC.c	1 de 1 capturas y 136 de 136 variantes iguales
func_800219F8	56	NO_TERMINA	src/auto/func_800219F8.c	la original no termina en el emulador (espera al hardware)
func_8005DCA0	52	NO_TERMINA	src/auto/func_8005DCA0.c	la original no termina en el emulador (espera al hardware)
func_80026744	40	NO_TERMINA	src/auto/func_80026744.c	la original no termina en el emulador (espera al hardware)
func_8002CB00	32	NO_TERMINA	src/auto/func_8002CB00.c	la original no termina en el emulador (espera al hardware)
func_80046B90	28	IGUAL	src/auto/func_80046B90.c	2 de 2 capturas y 208 de 208 variantes iguales
func_8003E0B4	16	NO_TERMINA	src/auto/func_8003E0B4.c	la original no termina en el emulador (espera al hardware)
