80010000	48	func_80010000
80010030	1492	BuclePrincipal
80010604	8	func_80010604
8001060c	8	func_8001060C
80010614	8	func_80010614
8001061c	8	func_8001061C
80010624	8	func_80010624
8001062c	68	func_8001062C
80010670	88	func_80010670
800106c8	76	func_800106C8
80010880	160	func_80010880
80010920	696	func_80010920
80010bd8	796	func_80010BD8
80010ef4	960	ImprimirDepuracion
800112c0	284	func_800112C0
800113dc	624	func_800113DC
8001164c	32	func_8001164C
8001166c	152	func_8001166C
80011704	152	func_80011704
8001179c	28	func_8001179C
800117b8	128	func_800117B8
80011838	24	func_80011838
80011850	224	func_80011850
80011930	560	func_80011930
80011b60	572	func_80011B60
80011d9c	640	func_80011D9C
8001201c	36	func_8001201C
80012040	20	func_80012040
80012054	64	func_80012054
80012094	72	func_80012094
800120dc	48	func_800120DC
8001210c	36	func_8001210C
80012130	688	func_80012130
800123e0	608	func_800123E0
80012640	336	func_80012640
80012790	316	func_80012790
800128cc	52	func_800128CC
80012900	324	func_80012900
80012a44	160	func_80012A44
80012ae4	36	func_80012AE4
80012b0c	372	func_80012B0C
80012c80	92	func_80012C80
80012cdc	152	func_80012CDC
80012d74	104	func_80012D74
80012ddc	144	func_80012DDC
80012e6c	96	SubirAVRAM
80012ecc	96	func_80012ECC
80012f2c	184	func_80012F2C
80012fe4	172	func_80012FE4
80013090	92	func_80013090
800130ec	112	func_800130EC
8001315c	192	func_8001315C
8001321c	1272	func_8001321C
80013714	504	func_80013714
8001390c	236	func_8001390C
800139f8	236	func_800139F8
80013ae4	324	func_80013AE4
80013c28	252	func_80013C28
80013d24	40	func_80013D24
800140bc	24	func_800140BC
800140dc	40	func_800140DC
8001410c	20	func_8001410C
8001412c	20	func_8001412C
8001414c	20	func_8001414C
8001416c	20	func_8001416C
8001418c	20	func_8001418C
800141ac	20	func_800141AC
800141cc	20	func_800141CC
800142fc	12	func_800142FC
800143e4	16	func_800143E4
800143f4	16	func_800143F4
800144c4	156	func_800144C4
80014560	56	func_80014560
80014598	52	func_80014598
80014670	256	func_80014670
80014774	412	func_80014774
80014910	120	func_80014910
80014988	56	func_80014988
800149c0	104	func_800149C0
80014a28	64	func_80014A28
80014a6c	16	func_80014A6C
80014aec	20	func_80014AEC
80014b00	20	func_80014B00
80014b4c	52	func_80014B4C
80014f10	48	func_80014F10
80014ff0	56	func_80014FF0
800150f0	52	func_800150F0
80016170	60	func_80016170
800161bc	12	func_800161BC
800161c8	12	func_800161C8
800161d4	152	func_800161D4
8001626c	376	func_8001626C
800163e4	216	func_800163E4
800164bc	464	func_800164BC
8001668c	328	func_8001668C
800167d4	160	func_800167D4
80016874	120	func_80016874
800168ec	36	func_800168EC
80016910	48	func_80016910
80016940	48	func_80016940
80016970	48	func_80016970
800169a0	52	func_800169A0
800169d4	48	func_800169D4
80016a04	16	func_80016A04
80016a14	24	func_80016A14
80016a2c	108	func_80016A2C
80016a98	44	func_80016A98
80016ac4	36	func_80016AC4
80016af4	88	func_80016AF4
80016b4c	384	func_80016B4C
80016ccc	172	func_80016CCC
80016d78	36	func_80016D78
80016da0	76	func_80016DA0
80016dec	20	func_80016DEC
80016e00	16	func_80016E00
80016e1c	284	func_80016E1C
80016f38	544	func_80016F38
80017158	116	func_80017158
800171cc	312	func_800171CC
80017304	16	func_80017304
800175f4	76	func_800175F4
800177b4	128	func_800177B4
80017b5c	24	func_80017B5C
80017b7c	12	func_80017B7C
80017b8c	48	func_80017B8C
80017bc0	172	func_80017BC0
80017c6c	80	func_80017C6C
80017cbc	40	func_80017CBC
80017ce4	40	func_80017CE4
80017d0c	48	Afirmar
80017d3c	68	func_80017D3C
80017d80	468	func_80017D80
80017f54	68	CargarArchivoEntero
80017f98	184	ReproducirSTR
80018050	456	PantallasLegales
80018218	144	func_80018218
800182a8	352	func_800182A8
80018408	128	func_80018408
80018488	288	func_80018488
800185a8	200	func_800185A8
80018670	184	CargarINO
80018728	120	ArchivoIniciar
800187a0	152	ArchivoCerrar
80018838	140	ArchivoAbrir
800188c4	224	func_800188C4
800189a4	352	func_800189A4
80018b04	272	ArchivoLeer
80018c14	120	LeerLetraINO
80018c8c	44	func_80018C8C
80018cb8	132	func_80018CB8
80018d3c	900	DibujarTexto
800190c0	280	func_800190C0
800191d8	92	func_800191D8
80019234	84	func_80019234
80019288	236	func_80019288
80019374	132	func_80019374
800193f8	108	func_800193F8
80019464	184	func_80019464
8001951c	540	func_8001951C
80019738	172	func_80019738
800197e4	56	func_800197E4
8001981c	1000	func_8001981C
80019c04	192	func_80019C04
80019cc4	84	func_80019CC4
80019d18	104	func_80019D18
80019d80	572	func_80019D80
80019fbc	332	func_80019FBC
8001a108	288	func_8001A108
8001a228	664	func_8001A228
8001a4c0	352	func_8001A4C0
8001a620	72	func_8001A620
8001a668	236	func_8001A668
8001a754	1668	func_8001A754
8001add8	348	func_8001ADD8
8001af34	204	HerramientaConvertirTEX
8001b000	200	func_8001B000
8001b0c8	972	func_8001B0C8
8001b494	68	func_8001B494
8001b4d8	200	RegistrarTextura
8001b5a0	88	TexturaPorIndice
8001b5f8	8	func_8001B5F8
8001b600	152	func_8001B600
8001b698	808	func_8001B698
8001b9c0	776	func_8001B9C0
8001bcc8	452	HerramientaConvertirPIC
8001be8c	256	func_8001BE8C
8001bf8c	120	func_8001BF8C
8001c004	204	func_8001C004
8001c0d0	176	func_8001C0D0
8001c180	84	func_8001C180
8001c1d4	172	func_8001C1D4
8001c280	80	func_8001C280
8001c2d0	52	func_8001C2D0
8001c304	56	func_8001C304
8001c33c	84	func_8001C33C
8001c390	52	func_8001C390
8001c3c4	64	func_8001C3C4
8001c404	88	func_8001C404
8001c45c	824	func_8001C45C
8001c794	64	func_8001C794
8001c7d4	888	LeerNodoModelo
8001cb4c	704	func_8001CB4C
8001ce0c	380	LeerModelosINO
8001cf88	680	HerramientaArmarModelos
8001d230	312	LeerCuadriculaINO
8001d368	432	HerramientaArmarCuadricula
8001d518	60	func_8001D518
8001d554	108	func_8001D554
8001d5c0	440	func_8001D5C0
8001d778	372	func_8001D778
8001d8ec	1664	func_8001D8EC
8001df6c	212	func_8001DF6C
8001e040	44	func_8001E040
8001e06c	248	func_8001E06C
8001e164	204	func_8001E164
8001e230	172	func_8001E230
8001e2dc	136	func_8001E2DC
8001e364	548	MatrizDesdeAngulos
8001e588	544	func_8001E588
8001e7a8	332	func_8001E7A8
8001e8f4	164	func_8001E8F4
8001e998	68	func_8001E998
8001e9dc	8	func_8001E9DC
8001e9e4	952	CrearParticula
8001ed9c	72	func_8001ED9C
8001ede4	1112	func_8001EDE4
8001f23c	196	func_8001F23C
8001f300	52	func_8001F300
8001f334	44	func_8001F334
8001f360	188	func_8001F360
8001f41c	140	func_8001F41C
8001f4a8	112	LeerParticulasINO
8001f518	12	func_8001F518
8001f524	420	func_8001F524
8001f6c8	884	func_8001F6C8
8001fa3c	544	func_8001FA3C
8001fc5c	152	func_8001FC5C
8001fcf4	52	func_8001FCF4
8001fd28	40	func_8001FD28
8001fd50	1348	func_8001FD50
80020294	604	func_80020294
800204f0	496	func_800204F0
800206e0	8	func_800206E0
800206e8	8	func_800206E8
800206f0	116	func_800206F0
80020764	72	func_80020764
800207ac	108	func_800207AC
80020818	560	func_80020818
80020a48	700	BitDeZona
80020d04	508	DibujarCeldasVisibles
80020f00	544	ActivarObjetosCercanos
80021120	112	func_80021120
80021190	68	func_80021190
800211d4	256	func_800211D4
800212d4	204	func_800212D4
800213a0	412	func_800213A0
8002153c	660	func_8002153C
800217d0	260	func_800217D0
800218d4	244	func_800218D4
800219c8	48	func_800219C8
800219f8	56	func_800219F8
80021a30	100	func_80021A30
80021a94	184	func_80021A94
80021b4c	240	func_80021B4C
80021c3c	12	func_80021C3C
80021c48	156	func_80021C48
80021ce4	96	func_80021CE4
80021d44	272	func_80021D44
80021e54	284	func_80021E54
80021f70	236	func_80021F70
8002205c	168	func_8002205C
80022104	136	func_80022104
8002218c	28	func_8002218C
800221a8	84	func_800221A8
800221fc	96	func_800221FC
8002225c	60	func_8002225C
80022298	120	func_80022298
80022310	216	func_80022310
800223e8	100	func_800223E8
8002244c	108	func_8002244C
800224b8	112	func_800224B8
80022528	60	func_80022528
80022564	176	func_80022564
80022614	772	func_80022614
80022918	692	func_80022918
80022bcc	384	func_80022BCC
80022d4c	268	func_80022D4C
80022e58	156	func_80022E58
80022ef4	140	func_80022EF4
80022f80	88	ActualizarBarraVida
80022fd8	100	func_80022FD8
8002303c	1600	func_8002303C
8002367c	1136	func_8002367C
80023aec	80	func_80023AEC
80023b3c	768	func_80023B3C
80023e3c	408	func_80023E3C
80023fd4	576	func_80023FD4
80024214	116	caseD_1
80024288	12	caseD_0
80024294	108	func_80024294
80024300	40	func_80024300
80024328	284	LeerSpritesINO
80024444	12	func_80024444
80024450	284	func_80024450
8002456c	308	CargarWRLDDATA
800246a0	792	CrearObjetoMundo
800249b8	20	func_800249B8
800249cc	124	func_800249CC
80024a48	316	func_80024A48
80024b84	608	CrearRecogible
80024de4	8	func_80024DE4
80024dec	8	func_80024DEC
80024df4	8	func_80024DF4
80024dfc	368	func_80024DFC
80024f6c	8	func_80024F6C
80024f74	8	func_80024F74
80024f7c	8	thunk_FUN_8004866c
80024f84	8	func_80024F84
80024f8c	104	func_80024F8C
80024ff4	96	func_80024FF4
80025054	8	thunk_FUN_8001e588
8002505c	8	func_8002505C
80025064	8	func_80025064
8002506c	492	func_8002506C
80025258	72	func_80025258
800252a0	1088	func_800252A0
800256e0	188	func_800256E0
8002579c	8	func_8002579C
800257a4	80	func_800257A4
800257f4	368	func_800257F4
80025964	68	func_80025964
800259a8	104	func_800259A8
80025a10	400	func_80025A10
80025ba0	240	func_80025BA0
80025c90	280	func_80025C90
80025da8	44	func_80025DA8
80025dd4	20	func_80025DD4
80025ef8	820	func_80025EF8
8002622c	528	func_8002622C
8002643c	632	func_8002643C
800266b4	144	func_800266B4
80026744	40	func_80026744
80026778	168	func_80026778
80026820	1016	func_80026820
80026c18	28	func_80026C18
80026c34	200	func_80026C34
80026cfc	84	func_80026CFC
80026d50	96	func_80026D50
80026db0	20	func_80026DB0
80026dc4	32	func_80026DC4
80026de4	32	func_80026DE4
80026e04	32	func_80026E04
80026e24	20	func_80026E24
80026e3c	12	func_80026E3C
80026e48	132	func_80026E48
80026ecc	624	func_80026ECC
8002713c	56	func_8002713C
80027174	212	func_80027174
80027248	104	func_80027248
800272b0	152	func_800272B0
80027348	32	func_80027348
80027368	72	func_80027368
800273b0	216	func_800273B0
80027488	172	func_80027488
80027534	196	func_80027534
800275f8	916	func_800275F8
80027998	32	func_80027998
800279b8	76	func_800279B8
80027a04	204	func_80027A04
80027ad0	248	func_80027AD0
80027bc8	212	func_80027BC8
80027c9c	168	func_80027C9C
80027d44	56	func_80027D44
80027d7c	116	func_80027D7C
80027df0	280	func_80027DF0
80027f08	68	func_80027F08
80027f4c	272	func_80027F4C
8002805c	636	func_8002805C
800282d8	124	func_800282D8
80028354	112	func_80028354
800283c4	568	func_800283C4
800285fc	624	func_800285FC
8002886c	1000	func_8002886C
80028c54	172	func_80028C54
80028d0c	52	func_80028D0C
80028d40	844	func_80028D40
8002908c	32	func_8002908C
800290ac	160	func_800290AC
8002914c	200	func_8002914C
80029214	732	func_80029214
800294f0	40	func_800294F0
80029518	24	func_80029518
80029530	28	func_80029530
800297cc	60	func_800297CC
80029808	40	func_80029808
80029830	40	func_80029830
80029858	40	func_80029858
8002988c	144	func_8002988C
8002991c	16	func_8002991C
8002992c	16	func_8002992C
8002993c	12	func_8002993C
80029948	108	func_80029948
800299b4	32	func_800299B4
800299d4	20	func_800299D4
800299e8	52	func_800299E8
80029a1c	52	func_80029A1C
80029a50	32	func_80029A50
80029a70	32	func_80029A70
80029a90	20	func_80029A90
80029aa4	20	func_80029AA4
80029ab8	316	func_80029AB8
80029bf4	308	func_80029BF4
80029d28	332	func_80029D28
80029eb4	32	func_80029EB4
80029ed4	36	func_80029ED4
80029ef8	32	func_80029EF8
80029f18	260	func_80029F18
8002a09c	1372	func_8002A09C
8002a5f8	216	func_8002A5F8
8002a6d0	640	func_8002A6D0
8002a950	712	func_8002A950
8002ac18	1036	func_8002AC18
8002b024	136	func_8002B024
8002b0ac	212	func_8002B0AC
8002b180	240	func_8002B180
8002b270	76	func_8002B270
8002b2bc	480	func_8002B2BC
8002b49c	360	func_8002B49C
8002b704	236	func_8002B704
8002b7f0	32	func_8002B7F0
8002b810	708	func_8002B810
8002bad4	164	func_8002BAD4
8002bb78	668	func_8002BB78
8002be14	104	func_8002BE14
8002be88	728	func_8002BE88
8002c160	52	func_8002C160
8002cb00	32	func_8002CB00
8002cb2c	132	func_8002CB2C
8002cbb0	396	func_8002CBB0
8002cd3c	376	func_8002CD3C
8002ceb4	112	func_8002CEB4
8002cf28	488	func_8002CF28
8002d170	128	func_8002D170
8002d520	28	func_8002D520
8002d540	44	func_8002D540
8002d56c	424	func_8002D56C
8002d714	2332	func_8002D714
8002e030	196	func_8002E030
8002e0f4	8	func_8002E0F4
8002e0fc	280	func_8002E0FC
8002e214	8	thunk_FUN_8004866c_8002E214
8002e21c	768	func_8002E21C
8002e51c	1792	func_8002E51C
8002ec1c	224	func_8002EC1C
8002ecfc	52	func_8002ECFC
8002ed30	28	func_8002ED30
8002ed4c	124	func_8002ED4C
8002edc8	452	func_8002EDC8
8002ef8c	68	func_8002EF8C
8002efd0	92	func_8002EFD0
8002f02c	432	LeerMAO
8002f1dc	188	CargarANI
8002f298	652	func_8002F298
8002f524	604	func_8002F524
8002f780	544	func_8002F780
8002f9a0	604	func_8002F9A0
8002fbfc	616	func_8002FBFC
8002fe64	184	func_8002FE64
8002ff1c	156	func_8002FF1C
8002ffb8	176	func_8002FFB8
80030068	92	func_80030068
800300c4	104	func_800300C4
8003012c	48	func_8003012C
8003015c	48	func_8003015C
8003018c	16	func_8003018C
8003019c	108	func_8003019C
80030208	3164	func_80030208
80030e64	100	func_80030E64
80030ec8	80	func_80030EC8
80030f18	232	func_80030F18
80031000	180	func_80031000
800310b4	816	DanoPorEnemigo
800313e4	176	func_800313E4
80031494	164	func_80031494
80031538	352	func_80031538
80031698	572	func_80031698
800318d4	32	func_800318D4
800318f4	3256	func_800318F4
800325ac	1516	func_800325AC
80032b98	952	func_80032B98
80032f50	64	func_80032F50
80032f90	452	func_80032F90
80033154	2436	FisicaObjeto
80033ad8	68	func_80033AD8
80033b1c	940	func_80033B1C
80033ec8	256	func_80033EC8
80033fc8	1864	DanoPorSuelo
80034710	96	func_80034710
80034770	12	func_80034770
8003477c	628	func_8003477C
800349f0	1428	func_800349F0
80034f84	76	func_80034F84
80034fd0	200	func_80034FD0
80035098	12	func_80035098
800350a4	88	func_800350A4
800350fc	148	func_800350FC
80035190	388	func_80035190
80035314	3900	func_80035314
80036250	188	func_80036250
8003630c	260	func_8003630C
80036410	276	func_80036410
80036524	204	func_80036524
800365f0	656	func_800365F0
80036880	1240	func_80036880
80036d58	1296	func_80036D58
80037268	16	func_80037268
80037278	496	func_80037278
80037468	720	func_80037468
80037738	548	func_80037738
8003795c	188	func_8003795C
80037a18	932	func_80037A18
80037dbc	36	func_80037DBC
80037de0	256	func_80037DE0
80037ee0	68	func_80037EE0
80037f24	560	func_80037F24
80038154	200	func_80038154
8003821c	252	func_8003821C
80038318	1536	func_80038318
80038918	196	func_80038918
800389dc	280	func_800389DC
80038af4	324	func_80038AF4
80038c38	256	func_80038C38
80038d38	280	func_80038D38
80038e50	100	func_80038E50
80038eb4	84	func_80038EB4
80038f08	164	func_80038F08
80038fac	132	func_80038FAC
80039030	108	func_80039030
8003909c	104	func_8003909C
80039104	556	func_80039104
80039330	32	func_80039330
80039350	800	func_80039350
80039670	204	func_80039670
8003973c	76	func_8003973C
80039788	132	func_80039788
8003980c	404	func_8003980C
800399a0	72	func_800399A0
800399e8	76	func_800399E8
80039a34	60	func_80039A34
80039a70	132	func_80039A70
80039af4	40	func_80039AF4
80039b1c	132	func_80039B1C
80039ba0	40	func_80039BA0
80039bc8	388	func_80039BC8
80039d4c	132	func_80039D4C
80039dd0	236	func_80039DD0
80039ebc	232	func_80039EBC
80039fa4	204	func_80039FA4
8003a070	268	func_8003A070
8003a17c	212	func_8003A17C
8003a250	8	func_8003A250
8003a258	8	func_8003A258
8003a260	8	func_8003A260
8003a268	516	PuntoEnTriangulo
8003a46c	184	func_8003A46C
8003a524	556	func_8003A524
8003a750	508	func_8003A750
8003a94c	1244	func_8003A94C
8003ae28	92	CeldaDePosicion
8003ae84	196	func_8003AE84
8003af48	84	func_8003AF48
8003af9c	1008	func_8003AF9C
8003b38c	336	func_8003B38C
8003b4dc	96	func_8003B4DC
8003b53c	64	func_8003B53C
8003b57c	792	func_8003B57C
8003b894	660	func_8003B894
8003bb28	128	func_8003BB28
8003bba8	92	func_8003BBA8
8003bc04	176	func_8003BC04
8003bcb4	280	func_8003BCB4
8003bdcc	100	func_8003BDCC
8003be30	8	thunk_FUN_8003be38
8003be38	396	func_8003BE38
8003bfc4	40	func_8003BFC4
8003bfec	508	func_8003BFEC
8003c1e8	832	func_8003C1E8
8003c528	336	func_8003C528
8003c678	640	func_8003C678
8003c8f8	228	func_8003C8F8
8003c9dc	1064	func_8003C9DC
8003ce04	236	func_8003CE04
8003cef0	112	func_8003CEF0
8003cf60	172	func_8003CF60
8003d00c	136	func_8003D00C
8003d094	196	func_8003D094
8003d158	8	func_8003D158
8003d160	280	func_8003D160
8003d278	504	func_8003D278
8003d470	8	thunk_FUN_8004866c_8003D470
8003d478	380	func_8003D478
8003d5f4	500	func_8003D5F4
8003d7e8	20	func_8003D7E8
8003d7fc	468	CargarSonidoNivel
8003d9d0	116	func_8003D9D0
8003da44	8	thunk_FUN_80042924
8003da4c	444	TocarSonido
8003dc08	64	func_8003DC08
8003dc48	252	func_8003DC48
8003dd44	48	func_8003DD44
8003dd74	16	func_8003DD74
8003dd84	28	func_8003DD84
8003dda0	92	func_8003DDA0
8003ddfc	108	func_8003DDFC
8003de68	128	func_8003DE68
8003dee8	264	func_8003DEE8
8003dff0	112	func_8003DFF0
8003e060	84	func_8003E060
8003e0b4	16	func_8003E0B4
8003e0c4	448	func_8003E0C4
8003e284	40	func_8003E284
8003e2ac	40	func_8003E2AC
8003e2d4	640	func_8003E2D4
8003e554	188	func_8003E554
8003e610	640	func_8003E610
8003e890	132	func_8003E890
8003e914	68	func_8003E914
8003e958	164	func_8003E958
8003e9fc	60	func_8003E9FC
8003ea38	88	func_8003EA38
8003ea90	92	func_8003EA90
8003eaf8	36	func_8003EAF8
8003f728	36	func_8003F728
8003f7a8	36	func_8003F7A8
8003fd68	40	func_8003FD68
8003fd90	24	func_8003FD90
80041c48	56	func_80041C48
80041cd8	560	func_80041CD8
80041f08	76	func_80041F08
80041f54	72	func_80041F54
80041fc8	384	func_80041FC8
800425c8	860	func_800425C8
80042924	116	func_80042924
80042b68	12	func_80042B68
80042b78	1156	func_80042B78
80043358	104	func_80043358
800433c0	288	func_800433C0
800447dc	8	func_800447DC
800447e4	1004	func_800447E4
80044bd4	104	func_80044BD4
80044c40	52	func_80044C40
80044d64	196	func_80044D64
80044e28	8	func_80044E28
80044e30	280	func_80044E30
80044f48	8	thunk_FUN_8004866c_80044F48
80044f50	808	IniciarEnemigoTipo15
80045278	1788	func_80045278
80045974	196	func_80045974
80045a38	8	func_80045A38
80045a40	280	func_80045A40
80045b58	8	thunk_FUN_8004866c_80045B58
80045b60	404	func_80045B60
80045cf4	492	func_80045CF4
80045ee0	196	func_80045EE0
80045fa4	8	func_80045FA4
80045fac	280	func_80045FAC
800460c4	8	thunk_FUN_8004866c_800460C4
800460cc	860	func_800460CC
80046428	1796	func_80046428
80046b2c	36	func_80046B2C
80046b50	28	func_80046B50
80046b6c	36	func_80046B6C
80046b90	28	func_80046B90
80046bac	24	func_80046BAC
80046bc4	84	func_80046BC4
80046c18	316	func_80046C18
80046d54	24	func_80046D54
80046d6c	160	func_80046D6C
80046e0c	152	func_80046E0C
80046ea4	8	func_80046EA4
80046eac	20	func_80046EAC
80046ec0	24	func_80046EC0
80046ed8	156	func_80046ED8
80046f74	156	func_80046F74
80047010	64	func_80047010
80047050	8	thunk_FUN_80047234
80047058	12	func_80047058
80047064	324	func_80047064
800471a8	36	func_800471A8
800471cc	44	func_800471CC
800471f8	60	func_800471F8
80047234	12	func_80047234
80047240	32	func_80047240
80047260	112	IniciarRecogibleTipo18
800472d0	8	func_800472D0
800472d8	16	func_800472D8
800472e8	112	IniciarRecogibleTipo19
80047358	8	func_80047358
80047360	16	func_80047360
80047370	928	RegistrarRecogible
80047710	712	func_80047710
800479d8	16	func_800479D8
800479e8	188	func_800479E8
80047aa4	932	func_80047AA4
80047e48	84	RecogibleNoTomado
80047e9c	112	IniciarRecogibleTipo4
80047f0c	8	func_80047F0C
80047f14	16	func_80047F14
80047f24	172	func_80047F24
80047fd0	16	func_80047FD0
80047fe0	68	func_80047FE0
80048024	112	func_80048024
80048094	112	func_80048094
80048104	96	func_80048104
80048164	196	func_80048164
80048228	332	func_80048228
80048374	116	func_80048374
800483e8	16	func_800483E8
800483f8	112	func_800483F8
80048468	100	func_80048468
800484cc	416	func_800484CC
8004866c	76	func_8004866C
800486b8	88	func_800486B8
80048710	68	func_80048710
80048754	92	func_80048754
800487b0	84	func_800487B0
80048804	252	func_80048804
80048900	8	func_80048900
80048908	188	func_80048908
800489c4	816	func_800489C4
80048cf4	204	func_80048CF4
80048dc0	684	func_80048DC0
8004906c	164	func_8004906C
80049110	264	func_80049110
80049218	156	func_80049218
800492b4	212	func_800492B4
80049388	404	func_80049388
8004951c	456	func_8004951C
800496e4	528	func_800496E4
800498f4	308	func_800498F4
80049a28	424	func_80049A28
80049bd0	528	func_80049BD0
80049de0	196	func_80049DE0
80049ea4	8	func_80049EA4
80049eac	280	func_80049EAC
80049fc4	8	thunk_FUN_8004866c_80049FC4
80049fcc	372	func_80049FCC
8004a140	492	func_8004A140
8004a32c	112	IniciarRecogibleTipo23
8004a39c	8	func_8004A39C
8004a3a4	16	func_8004A3A4
8004a3b4	244	func_8004A3B4
8004a4a8	1596	func_8004A4A8
8004aae4	64	func_8004AAE4
8004ab24	652	func_8004AB24
8004adb0	244	func_8004ADB0
8004aea4	8	func_8004AEA4
8004aeac	164	func_8004AEAC
8004af50	508	func_8004AF50
8004b14c	208	func_8004B14C
8004b21c	252	func_8004B21C
8004b318	8	func_8004B318
8004b320	2688	func_8004B320
8004bda0	944	func_8004BDA0
8004c150	212	func_8004C150
8004c224	8	func_8004C224
8004c22c	364	func_8004C22C
8004c398	8	thunk_FUN_8004aea4
8004c3a0	224	func_8004C3A0
8004c480	148	func_8004C480
8004c514	148	func_8004C514
8004c5a8	148	func_8004C5A8
8004c63c	148	func_8004C63C
8004c6d0	48	func_8004C6D0
8004c700	48	func_8004C700
8004c730	236	func_8004C730
8004c81c	8	func_8004C81C
8004c824	8	func_8004C824
8004c82c	544	func_8004C82C
8004ca4c	16	func_8004CA4C
8004ca5c	92	func_8004CA5C
8004cab8	144	func_8004CAB8
8004cb48	1400	func_8004CB48
8004d0c0	2564	func_8004D0C0
8004dac4	168	func_8004DAC4
8004db6c	164	func_8004DB6C
8004dc10	104	func_8004DC10
8004dc78	8	func_8004DC78
8004dc80	584	Reservar
8004dec8	716	Liberar
8004e194	164	func_8004E194
8004e238	48	func_8004E238
8004e268	60	func_8004E268
8004e2a4	40	func_8004E2A4
8004e2cc	24	func_8004E2CC
8004e2e4	72	func_8004E2E4
8004e32c	684	func_8004E32C
8004e5d8	64	func_8004E5D8
8004e618	168	func_8004E618
8004e6c0	108	func_8004E6C0
8004e72c	72	func_8004E72C
8004e774	136	func_8004E774
8004e7fc	112	func_8004E7FC
8004e86c	88	func_8004E86C
8004e8c4	460	func_8004E8C4
8004ea90	28	func_8004EA90
8004eaac	60	func_8004EAAC
8004eae8	28	func_8004EAE8
8004eb04	204	func_8004EB04
8004ebd0	396	func_8004EBD0
8004ed5c	96	func_8004ED5C
8004edbc	96	func_8004EDBC
8004ee1c	8	func_8004EE1C
8004ee24	208	func_8004EE24
8004eef4	968	func_8004EEF4
8004f2bc	28	func_8004F2BC
8004f2d8	536	func_8004F2D8
8004f4f0	28	func_8004F4F0
8004f50c	92	func_8004F50C
8004f568	716	func_8004F568
8004f834	228	func_8004F834
8004f918	52	func_8004F918
8004f94c	28	func_8004F94C
8004f968	52	func_8004F968
8004f99c	44	func_8004F99C
8004f9c8	48	func_8004F9C8
8004f9f8	24	func_8004F9F8
8004fa10	68	func_8004FA10
8004fa54	504	func_8004FA54
8004fc4c	184	func_8004FC4C
8004fd04	48	func_8004FD04
8004fd34	768	func_8004FD34
80050034	680	func_80050034
800502dc	316	func_800502DC
80050418	316	func_80050418
80050554	320	func_80050554
80050694	320	func_80050694
800507d4	84	func_800507D4
80050828	172	func_80050828
800508d4	92	func_800508D4
80050938	112	func_80050938
800509a8	64	func_800509A8
800509e8	104	func_800509E8
80050a50	104	func_80050A50
80050ab8	392	func_80050AB8
80050c40	68	func_80050C40
80050c84	184	func_80050C84
80050d3c	184	func_80050D3C
80050df4	280	func_80050DF4
80050f0c	280	func_80050F0C
80051024	608	func_80051024
80051284	20	func_80051284
80051298	284	func_80051298
800513b4	508	func_800513B4
800515b0	436	func_800515B0
80051764	188	func_80051764
80051820	180	func_80051820
800519e4	20	func_800519E4
800519f8	20	func_800519F8
80051a0c	20	func_80051A0C
80051a20	20	func_80051A20
80051a34	20	func_80051A34
80051a48	20	func_80051A48
80051a5c	20	func_80051A5C
80051a70	20	func_80051A70
80051a84	476	func_80051A84
80051c60	180	func_80051C60
80051d14	264	func_80051D14
80051e1c	216	func_80051E1C
80051ef4	216	func_80051EF4
80051fcc	60	func_80051FCC
80052008	60	func_80052008
80052114	44	func_80052114
80052140	68	func_80052140
80052184	36	func_80052184
800521ac	148	func_800521AC
80052240	112	func_80052240
800522b0	52	func_800522B0
800522e4	108	func_800522E4
80052350	56	func_80052350
80052388	40	func_80052388
800523b4	112	func_800523B4
80052434	324	func_80052434
80052578	524	func_80052578
80052784	296	func_80052784
800528ac	1452	func_800528AC
80052e58	68	func_80052E58
80052e9c	8	func_80052E9C
80052ea4	200	func_80052EA4
80052f6c	84	func_80052F6C
80052fc0	120	func_80052FC0
80053038	256	func_80053038
80053138	280	func_80053138
80053250	76	func_80053250
8005329c	332	func_8005329C
800533e8	24	func_800533E8
80053400	160	func_80053400
800534a0	56	func_800534A0
800534d8	196	func_800534D8
8005359c	552	func_8005359C
800537c4	68	func_800537C4
80053808	152	func_80053808
800538a0	304	func_800538A0
800539d0	148	func_800539D0
80053a64	52	func_80053A64
80053a98	152	func_80053A98
80053b30	104	func_80053B30
80053b98	220	func_80053B98
80053c74	612	func_80053C74
80053ed8	156	func_80053ED8
80053f74	244	func_80053F74
80054068	1748	func_80054068
8005473c	176	func_8005473C
800547ec	168	func_800547EC
80054894	452	func_80054894
80054a58	508	func_80054A58
80054c54	8	thunk_FUN_8004866c_80054C54
80054c5c	1440	func_80054C5C
800551fc	148	func_800551FC
80055290	48	func_80055290
800552c0	712	func_800552C0
80055588	116	func_80055588
800555fc	24	func_800555FC
80055614	16	func_80055614
80055624	16	func_80055624
80055634	708	func_80055634
800558f8	160	func_800558F8
80055998	160	func_80055998
80055a38	448	func_80055A38
80055bf8	16	func_80055BF8
80055c08	8	func_80055C08
80055c10	148	func_80055C10
80055ca4	8	func_80055CA4
80055cac	320	func_80055CAC
80055dec	24	func_80055DEC
80055e04	252	func_80055E04
80055f00	52	func_80055F00
80055f34	140	func_80055F34
80055fc0	720	func_80055FC0
80056290	308	func_80056290
800563c4	408	func_800563C4
8005655c	40	func_8005655C
80056584	1156	func_80056584
80056a08	272	func_80056A08
80056b18	248	func_80056B18
80056c10	8	thunk_FUN_8004866c_80056C10
80056c18	208	func_80056C18
80056ce8	1684	func_80056CE8
8005737c	68	func_8005737C
800573c0	592	func_800573C0
80057610	496	func_80057610
80057800	332	func_80057800
8005794c	196	func_8005794C
80057a10	8	func_80057A10
80057a18	280	func_80057A18
80057b30	8	thunk_FUN_8004866c_80057B30
80057b38	360	func_80057B38
80057ca0	492	func_80057CA0
80057e8c	8	func_80057E8C
80057e94	160	func_80057E94
80057f34	920	func_80057F34
800582cc	912	func_800582CC
8005865c	912	func_8005865C
800589ec	1272	func_800589EC
80058ee4	1276	func_80058EE4
800593e0	1276	func_800593E0
800598dc	1616	func_800598DC
80059f2c	136	func_80059F2C
80059fb4	8	func_80059FB4
80059fbc	560	func_80059FBC
8005a1ec	372	func_8005A1EC
8005a360	3168	func_8005A360
8005afc0	72	func_8005AFC0
8005b008	328	func_8005B008
8005b150	580	func_8005B150
8005b394	204	func_8005B394
8005b460	12	func_8005B460
8005b46c	192	func_8005B46C
8005b52c	596	func_8005B52C
8005b780	20	func_8005B780
8005b794	320	func_8005B794
8005b8d4	192	func_8005B8D4
8005b994	124	func_8005B994
8005ba10	1216	func_8005BA10
8005bed0	1160	func_8005BED0
8005c358	1416	func_8005C358
8005c8e0	76	func_8005C8E0
8005c92c	20	func_8005C92C
8005c940	36	func_8005C940
8005c964	108	func_8005C964
8005c9d0	968	func_8005C9D0
8005cd98	176	func_8005CD98
8005ce48	116	func_8005CE48
8005cebc	368	func_8005CEBC
8005d02c	164	func_8005D02C
8005d0d0	36	func_8005D0D0
8005d0f4	112	func_8005D0F4
8005d164	108	func_8005D164
8005d1d0	156	func_8005D1D0
8005d26c	308	func_8005D26C
8005d3a0	60	func_8005D3A0
8005d3dc	24	func_8005D3DC
8005d3f4	272	func_8005D3F4
8005d504	8	func_8005D504
8005d50c	824	func_8005D50C
8005d844	92	func_8005D844
8005d8a0	48	func_8005D8A0
8005d8d0	240	func_8005D8D0
8005d9c0	144	func_8005D9C0
8005da50	140	func_8005DA50
8005dadc	148	func_8005DADC
8005db70	148	func_8005DB70
8005dc04	24	func_8005DC04
8005dc1c	124	func_8005DC1C
8005dca0	52	func_8005DCA0
8005dcd4	124	func_8005DCD4
8005dd50	32	func_8005DD50
8005dd70	60	func_8005DD70
8005ddac	60	func_8005DDAC
8005dde8	36	func_8005DDE8
8005e27c	20	func_8005E27C
8005e290	16	func_8005E290
8005e2a0	764	func_8005E2A0
8005e59c	764	func_8005E59C
8005e898	356	func_8005E898
8005e9fc	216	func_8005E9FC
8005ead4	684	func_8005EAD4
8005ed80	12	func_8005ED80
8005ed8c	5092	func_8005ED8C
80060170	260	func_80060170
80060274	244	func_80060274
80060368	496	func_80060368
80060558	56	func_80060558
80060590	56	func_80060590
800605c8	484	func_800605C8
800607ac	516	func_800607AC
800609b0	208	D_800609B0
