funcion	tamano	estado	detalle
ActivarObjetosCercanos	544	NO_COMPILA	src/auto/ActivarObjetosCercanos.c:28:44: error: ‘p_sabrina’ undeclared (first use in this function)
ActualizarBarraVida	88	IGUAL	ActualizarBarraVida: 6 de 6 capturas y 456 de 456 variantes iguales -> IGUAL
Afirmar	48	IGUAL	Afirmar: 8 de 8 capturas y 368 de 368 variantes iguales -> IGUAL
ArchivoAbrir	140	NO_TERMINA	ArchivoAbrir: la original no termina en el emulador (espera al hardware) -> NO_TERMINA
ArchivoCerrar	152	YA_HECHA	
ArchivoIniciar	120	DISTINTO	ArchivoIniciar: 8 de 8 capturas y 318 de 319 variantes iguales -> DISTINTO
ArchivoLeer	272	YA_HECHA	
BitDeZona	700	YA_HECHA	
BuclePrincipal	1492	M2C_FALLA	AssertionError: jtbl list must not be empty
CargarANI	188	YA_HECHA	
CargarArchivoEntero	68	NO_TERMINA	CargarArchivoEntero: la original no termina en el emulador (espera al hardware) -> NO_TERMINA
CargarINO	184	NO_TERMINA	CargarINO: la original no termina en el emulador (espera al hardware) -> NO_TERMINA
CargarSonidoNivel	468	NO_TERMINA	CargarSonidoNivel: la original no termina en el emulador (espera al hardware) -> NO_TERMINA
CargarWRLDDATA	308	NO_TERMINA	CargarWRLDDATA: la original no termina en el emulador (espera al hardware) -> NO_TERMINA
CeldaDePosicion	92	YA_HECHA	
CrearObjetoMundo	792	NO_COMPILA	no compila: error: el C define el dato del juego tabla_clases_niveles; tiene que ser extern
CrearParticula	952	YA_HECHA	
CrearRecogible	608	NO_COMPILA	src/auto/CrearRecogible.c:75:9: error: ‘sp130’ undeclared (first use in this function); did you mean ‘sp30’?
D_800609B0	208	SIN_CAPTURAS	
DanoPorEnemigo	816	YA_HECHA	
DanoPorSuelo	1864	DISTINTO	DanoPorSuelo: 8 de 8 capturas y 386 de 436 variantes iguales -> DISTINTO
DibujarCeldasVisibles	508	NO_COMPILA	src/auto/DibujarCeldasVisibles.c:24:14: error: invalid type argument of unary ‘*’ (have ‘int’)
DibujarTexto	900	NO_COMPILA	no compila: error: el C define el dato del juego D_800798BC; tiene que ser extern
FisicaObjeto	2436	NO_COMPILA	src/auto/FisicaObjeto.c:212:51: error: ‘spB8’ undeclared (first use in this function); did you mean ‘spBC’?
HerramientaArmarCuadricula	432	SIN_CAPTURAS	
HerramientaArmarModelos	680	SIN_CAPTURAS	
HerramientaConvertirPIC	452	SIN_CAPTURAS	
HerramientaConvertirTEX	204	SIN_CAPTURAS	
ImprimirDepuracion	960	NO_COMPILA	src/auto/ImprimirDepuracion.c:50:22: error: invalid type argument of unary ‘*’ (have ‘s32’ {aka ‘int’})
IniciarEnemigoTipo15	808	IGUAL	IniciarEnemigoTipo15: 2 de 2 capturas y 95 de 95 variantes iguales -> IGUAL
IniciarRecogibleTipo18	112	IGUAL	IniciarRecogibleTipo18: 2 de 2 capturas y 111 de 111 variantes iguales -> IGUAL
IniciarRecogibleTipo19	112	IGUAL	IniciarRecogibleTipo19: 2 de 2 capturas y 111 de 111 variantes iguales -> IGUAL
IniciarRecogibleTipo23	112	IGUAL	IniciarRecogibleTipo23: 2 de 2 capturas y 111 de 111 variantes iguales -> IGUAL
IniciarRecogibleTipo4	112	IGUAL	IniciarRecogibleTipo4: 2 de 2 capturas y 111 de 111 variantes iguales -> IGUAL
LeerCuadriculaINO	312	YA_HECHA	
LeerLetraINO	120	IGUAL	LeerLetraINO: 6 de 6 capturas y 342 de 342 variantes iguales -> IGUAL
LeerMAO	432	NO_COMPILA	src/auto/LeerMAO.c:25:59: error: invalid operands to binary - (have ‘void *’ and ‘u8 *’ {aka ‘unsigned char *’})
LeerModelosINO	380	YA_HECHA	
LeerNodoModelo	888	NO_COMPILA	src/auto/LeerNodoModelo.c:31:13: error: invalid type argument of unary ‘*’ (have ‘int’)
LeerParticulasINO	112	IGUAL	LeerParticulasINO: 6 de 6 capturas y 323 de 323 variantes iguales -> IGUAL
LeerSpritesINO	284	IGUAL	LeerSpritesINO: 6 de 6 capturas y 314 de 314 variantes iguales -> IGUAL
Liberar	716	DISTINTO	Liberar: 0 de 8 capturas y 177 de 607 variantes iguales -> DISTINTO
MatrizDesdeAngulos	548	DISTINTO	MatrizDesdeAngulos: 0 de 8 capturas y 5 de 364 variantes iguales -> DISTINTO
PantallasLegales	456	NO_COMPILA	src/auto/PantallasLegales.c:65:29: error: ‘sp’ undeclared (first use in this function); did you mean ‘s8’?
PuntoEnTriangulo	516	NO_COMPILA	src/auto/PuntoEnTriangulo.c:35:15: error: invalid type argument of unary ‘*’ (have ‘int’)
RecogibleNoTomado	84	YA_HECHA	
RegistrarRecogible	928	DISTINTO	RegistrarRecogible: 0 de 2 capturas y 0 de 111 variantes iguales -> DISTINTO
RegistrarTextura	200	YA_HECHA	
ReproducirSTR	184	NO_COMPILA	no compila: error: el C define el dato del juego D_8007C9E0; tiene que ser extern
Reservar	584	DISTINTO	Reservar: 0 de 8 capturas y 22 de 428 variantes iguales -> DISTINTO
SubirAVRAM	96	YA_HECHA	
TexturaPorIndice	88	YA_HECHA	
TocarSonido	444	DISTINTO	TocarSonido: 8 de 8 capturas y 396 de 599 variantes iguales -> DISTINTO
func_80010000	48	YA_HECHA	
func_80010604	8	SIN_CAPTURAS	
func_8001060C	8	SIN_CAPTURAS	
func_80010614	8	SIN_CAPTURAS	
func_8001061C	8	SIN_CAPTURAS	
func_80010624	8	SIN_CAPTURAS	
func_8001062C	68	SIN_CAPTURAS	
func_80010670	88	SIN_CAPTURAS	
func_800106C8	76	YA_HECHA	
func_80010880	160	NO_TERMINA	func_80010880: la original no termina en el emulador (espera al hardware) -> NO_TERMINA
func_80010920	696	NO_COMPILA	src/auto/func_80010920.c:16:39: error: array type has incomplete element type ‘struct _struct_D_80063534_0x30’
func_80010BD8	796	NO_COMPILA	src/auto/func_80010BD8.c:7:39: error: array type has incomplete element type ‘struct _struct_D_80063508_0x10’
func_800112C0	284	YA_HECHA	
func_800113DC	624	NO_COMPILA	src/auto/func_800113DC.c:53:13: error: invalid type argument of unary ‘*’ (have ‘s32’ {aka ‘int’})
func_8001164C	32	IGUAL	func_8001164C: 8 de 8 capturas y 368 de 368 variantes iguales -> IGUAL
func_8001166C	152	IGUAL	func_8001166C: 8 de 8 capturas y 608 de 608 variantes iguales -> IGUAL
func_80011704	152	IGUAL	func_80011704: 8 de 8 capturas y 608 de 608 variantes iguales -> IGUAL
func_8001179C	28	IGUAL	func_8001179C: 8 de 8 capturas y 336 de 336 variantes iguales -> IGUAL
func_800117B8	128	IGUAL	func_800117B8: 8 de 8 capturas y 479 de 479 variantes iguales -> IGUAL
func_80011838	24	SIN_CAPTURAS	
func_80011850	224	NO_TERMINA	func_80011850: la original no termina en el emulador (espera al hardware) -> NO_TERMINA
func_80011930	560	DISTINTO	func_80011930: 0 de 6 capturas y 21 de 306 variantes iguales -> DISTINTO
func_80011B60	572	NO_TERMINA	func_80011B60: la original no termina en el emulador (espera al hardware) -> NO_TERMINA
func_80011D9C	640	NO_TERMINA	func_80011D9C: la original no termina en el emulador (espera al hardware) -> NO_TERMINA
func_8001201C	36	IGUAL_V0	func_8001201C: 0 de 8 capturas y 0 de 398 variantes iguales -> IGUAL_V0
func_80012040	20	SIN_CAPTURAS	
func_80012054	64	IGUAL	func_80012054: 8 de 8 capturas y 0 de 0 variantes iguales -> IGUAL
func_80012094	72	IGUAL	func_80012094: 8 de 8 capturas y 383 de 383 variantes iguales -> IGUAL
func_800120DC	48	IGUAL	func_800120DC: 2 de 2 capturas y 93 de 93 variantes iguales -> IGUAL
func_8001210C	36	SIN_CAPTURAS	
func_80012130	688	NO_TERMINA	func_80012130: la original no termina en el emulador (espera al hardware) -> NO_TERMINA
func_800123E0	608	NO_COMPILA	src/auto/func_800123E0.c:30:26: error: called object is not a function or function pointer
func_80012640	336	IGUAL	func_80012640: 1 de 1 capturas y 19 de 19 variantes iguales -> IGUAL
func_80012790	316	IGUAL	func_80012790: 8 de 8 capturas y 331 de 331 variantes iguales -> IGUAL
func_800128CC	52	IGUAL	func_800128CC: 8 de 8 capturas y 450 de 450 variantes iguales -> IGUAL
func_80012900	324	IGUAL	func_80012900: 8 de 8 capturas y 489 de 489 variantes iguales -> IGUAL
func_80012A44	160	IGUAL	func_80012A44: 1 de 1 capturas y 47 de 47 variantes iguales -> IGUAL
func_80012AE4	36	YA_HECHA	
func_80012B0C	372	YA_HECHA	
func_80012C80	92	YA_HECHA	
func_80012CDC	152	YA_HECHA	
func_80012D74	104	YA_HECHA	
func_80012DDC	144	YA_HECHA	
func_80012ECC	96	YA_HECHA	
func_80012F2C	184	SIN_CAPTURAS	
func_80012FE4	172	YA_HECHA	
func_80013090	92	YA_HECHA	
func_800130EC	112	YA_HECHA	
func_8001315C	192	YA_HECHA	
func_8001321C	1272	NO_COMPILA	include/m2c_macros.h:20:44: error: too few arguments to function ‘*(M2C_UNK (**)(s32,  void *, s32,  s32))((sizetype)*(u
func_80013714	504	SIN_CAPTURAS	
func_8001390C	236	SIN_CAPTURAS	
func_800139F8	236	SIN_CAPTURAS	
func_80013AE4	324	SIN_CAPTURAS	
func_80013C28	252	SIN_CAPTURAS	
func_80013D24	40	SIN_CAPTURAS	
func_800140BC	24	YA_HECHA	
func_800140DC	40	SIN_CAPTURAS	
func_8001410C	20	IGUAL	func_8001410C: 2 de 2 capturas y 48 de 48 variantes iguales -> IGUAL
func_8001412C	20	IGUAL	func_8001412C: 2 de 2 capturas y 53 de 53 variantes iguales -> IGUAL
func_8001414C	20	IGUAL	func_8001414C: 2 de 2 capturas y 46 de 46 variantes iguales -> IGUAL
func_8001416C	20	IGUAL	func_8001416C: 8 de 8 capturas y 218 de 218 variantes iguales -> IGUAL
func_8001418C	20	IGUAL	func_8001418C: 2 de 2 capturas y 53 de 53 variantes iguales -> IGUAL
func_800141AC	20	IGUAL	func_800141AC: 2 de 2 capturas y 53 de 53 variantes iguales -> IGUAL
func_800141CC	20	IGUAL	func_800141CC: 2 de 2 capturas y 53 de 53 variantes iguales -> IGUAL
func_800142FC	12	M2C_FALLA	which has a name starting with with "jtbl"/"jpt_"/"lbl_"/"jumptable_".
func_800143E4	16	YA_HECHA	
func_800143F4	16	YA_HECHA	
func_800144C4	156	YA_HECHA	
func_80014560	56	SIN_CAPTURAS	
func_80014598	52	YA_HECHA	
func_80014670	256	NO_COMPILA	src/auto/func_80014670.c:18:15: error: ‘D_80084B0C’ undeclared (first use in this function); did you mean ‘D_80084B14’?
func_80014774	412	NO_COMPILA	src/auto/func_80014774.c:23:9: error: invalid type argument of unary ‘*’ (have ‘s32’ {aka ‘int’})
func_80014910	120	SIN_CAPTURAS	
func_80014988	56	SIN_CAPTURAS	
func_800149C0	104	SIN_CAPTURAS	
func_80014A28	64	SIN_CAPTURAS	
func_80014A6C	16	IGUAL	func_80014A6C: 1 de 1 capturas y 68 de 68 variantes iguales -> IGUAL
func_80014AEC	20	IGUAL	func_80014AEC: 8 de 8 capturas y 272 de 272 variantes iguales -> IGUAL
func_80014B00	20	IGUAL	func_80014B00: 8 de 8 capturas y 272 de 272 variantes iguales -> IGUAL
func_80014B4C	52	IGUAL	func_80014B4C: 8 de 8 capturas y 608 de 608 variantes iguales -> IGUAL
func_80014F10	48	IGUAL	func_80014F10: 2 de 2 capturas y 152 de 152 variantes iguales -> IGUAL
func_80014FF0	56	YA_HECHA	
func_800150F0	52	YA_HECHA	
func_80016170	60	NO_COMPILA	src/auto/func_80016170.c:8:39: error: ‘saved_reg_ra’ undeclared (first use in this function)
func_800161BC	12	M2C_FALLA	which has a name starting with with "jtbl"/"jpt_"/"lbl_"/"jumptable_".
func_800161C8	12	SIN_CAPTURAS	
func_800161D4	152	YA_HECHA	
func_8001626C	376	IGUAL	func_8001626C: 8 de 8 capturas y 367 de 367 variantes iguales -> IGUAL
func_800163E4	216	NO_COMPILA	no compila: error: el C define el dato del juego D_800649A0; tiene que ser extern
func_800164BC	464	IGUAL	func_800164BC: 8 de 8 capturas y 418 de 418 variantes iguales -> IGUAL
func_8001668C	328	YA_HECHA	
func_800167D4	160	SIN_CAPTURAS	
func_80016874	120	SIN_CAPTURAS	
func_800168EC	36	YA_HECHA	
func_80016910	48	NO_COMPILA	no compila: error: el C define el dato del juego D_800649A0; tiene que ser extern
func_80016940	48	NO_COMPILA	no compila: error: el C define el dato del juego D_800649A0; tiene que ser extern
func_80016970	48	YA_HECHA	
func_800169A0	52	NO_COMPILA	no compila: error: el C define el dato del juego D_800649A0; tiene que ser extern
func_800169D4	48	YA_HECHA	
func_80016A04	16	IGUAL	func_80016A04: 8 de 8 capturas y 544 de 544 variantes iguales -> IGUAL
func_80016A14	24	IGUAL	func_80016A14: 8 de 8 capturas y 386 de 386 variantes iguales -> IGUAL
func_80016A2C	108	YA_HECHA	
func_80016A98	44	IGUAL	func_80016A98: 1 de 1 capturas y 64 de 64 variantes iguales -> IGUAL
func_80016AC4	36	NO_COMPILA	src/auto/func_80016AC4.c:15:13: error: invalid type argument of unary ‘*’ (have ‘s32’ {aka ‘int’})
func_80016AF4	88	DISTINTO	func_80016AF4: 0 de 1 capturas y 0 de 50 variantes iguales -> DISTINTO
func_80016B4C	384	YA_HECHA	
func_80016CCC	172	IGUAL	func_80016CCC: 8 de 8 capturas y 365 de 365 variantes iguales -> IGUAL
func_80016D78	36	NO_COMPILA	src/auto/func_80016D78.c:15:13: error: invalid type argument of unary ‘*’ (have ‘s32’ {aka ‘int’})
func_80016DA0	76	DISTINTO	func_80016DA0: 0 de 1 capturas y 0 de 50 variantes iguales -> DISTINTO
func_80016DEC	20	IGUAL	func_80016DEC: 1 de 1 capturas y 64 de 64 variantes iguales -> IGUAL
func_80016E00	16	IGUAL	func_80016E00: 8 de 8 capturas y 544 de 544 variantes iguales -> IGUAL
func_80016E1C	284	IGUAL	func_80016E1C: 1 de 1 capturas y 0 de 0 variantes iguales -> IGUAL
func_80016F38	544	DISTINTO	func_80016F38: 1 de 1 capturas y 42 de 45 variantes iguales -> DISTINTO
func_80017158	116	IGUAL	func_80017158: 1 de 1 capturas y 0 de 0 variantes iguales -> IGUAL
func_800171CC	312	SIN_CAPTURAS	
func_80017304	16	IGUAL	func_80017304: 1 de 1 capturas y 68 de 68 variantes iguales -> IGUAL
func_800175F4	76	IGUAL	func_800175F4: 1 de 1 capturas y 0 de 0 variantes iguales -> IGUAL
func_800177B4	128	GTE	
func_80017B5C	24	GTE	
func_80017B7C	12	GTE	
func_80017B8C	48	SIN_CAPTURAS	
func_80017BC0	172	NO_COMPILA	src/auto/func_80017BC0.c:16:18: error: ‘saved_reg_ra’ undeclared (first use in this function)
func_80017C6C	80	IGUAL	func_80017C6C: 1 de 1 capturas y 53 de 53 variantes iguales -> IGUAL
func_80017CBC	40	SIN_CAPTURAS	
func_80017CE4	40	SIN_CAPTURAS	
func_80017D3C	68	YA_HECHA	
func_80017D80	468	NO_COMPILA	src/auto/func_80017D80.c:30:9: error: ‘spB0’ undeclared (first use in this function)
func_80018218	144	NO_TERMINA	func_80018218: la original no termina en el emulador (espera al hardware) -> NO_TERMINA
func_800182A8	352	YA_HECHA	
func_80018408	128	YA_HECHA	
func_80018488	288	YA_HECHA	
func_800185A8	200	SIN_CAPTURAS	
func_800188C4	224	YA_HECHA	
func_800189A4	352	NO_TERMINA	func_800189A4: la original no termina en el emulador (espera al hardware) -> NO_TERMINA
func_80018C8C	44	IGUAL	func_80018C8C: 6 de 6 capturas y 425 de 425 variantes iguales -> IGUAL
func_80018CB8	132	SIN_CAPTURAS	
func_800190C0	280	NO_COMPILA	no compila: error: el C define el dato del juego D_800798BC; tiene que ser extern
func_800191D8	92	IGUAL_V0	func_800191D8: 0 de 2 capturas y 1 de 108 variantes iguales -> IGUAL_V0
func_80019234	84	YA_HECHA	
func_80019288	236	IGUAL	func_80019288: 8 de 8 capturas y 608 de 608 variantes iguales -> IGUAL
func_80019374	132	YA_HECHA	
func_800193F8	108	NO_COMPILA	no compila: error: el C define el dato del juego D_80079D48; tiene que ser extern
func_80019464	184	SIN_CAPTURAS	
func_8001951C	540	SIN_CAPTURAS	
func_80019738	172	SIN_CAPTURAS	
func_800197E4	56	IGUAL	func_800197E4: 3 de 3 capturas y 138 de 138 variantes iguales -> IGUAL
func_8001981C	1000	NO_COMPILA	src/auto/func_8001981C.c:52:44: error: called object is not a function or function pointer
func_80019C04	192	YA_HECHA	
func_80019CC4	84	NO_TERMINA	func_80019CC4: la original no termina en el emulador (espera al hardware) -> NO_TERMINA
func_80019D18	104	IGUAL	func_80019D18: 6 de 6 capturas y 0 de 0 variantes iguales -> IGUAL
func_80019D80	572	NO_TERMINA	func_80019D80: la original no termina en el emulador (espera al hardware) -> NO_TERMINA
func_80019FBC	332	SIN_CAPTURAS	
func_8001A108	288	SIN_CAPTURAS	
func_8001A228	664	SIN_CAPTURAS	
func_8001A4C0	352	SIN_CAPTURAS	
func_8001A620	72	SIN_CAPTURAS	
func_8001A668	236	SIN_CAPTURAS	
func_8001A754	1668	SIN_CAPTURAS	
func_8001ADD8	348	SIN_CAPTURAS	
func_8001B000	200	SIN_CAPTURAS	
func_8001B0C8	972	SIN_CAPTURAS	
func_8001B494	68	IGUAL	func_8001B494: 6 de 6 capturas y 120 de 120 variantes iguales -> IGUAL
func_8001B5F8	8	IGUAL	func_8001B5F8: 1 de 1 capturas y 30 de 30 variantes iguales -> IGUAL
func_8001B600	152	SIN_CAPTURAS	
func_8001B698	808	SIN_CAPTURAS	
func_8001B9C0	776	SIN_CAPTURAS	
func_8001BE8C	256	YA_HECHA	
func_8001BF8C	120	YA_HECHA	
func_8001C004	204	IGUAL	func_8001C004: 8 de 8 capturas y 588 de 588 variantes iguales -> IGUAL
func_8001C0D0	176	IGUAL	func_8001C0D0: 2 de 2 capturas y 87 de 87 variantes iguales -> IGUAL
func_8001C180	84	IGUAL	func_8001C180: 2 de 2 capturas y 109 de 109 variantes iguales -> IGUAL
func_8001C1D4	172	YA_HECHA	
func_8001C280	80	SIN_CAPTURAS	
func_8001C2D0	52	SIN_CAPTURAS	
func_8001C304	56	IGUAL	func_8001C304: 8 de 8 capturas y 304 de 304 variantes iguales -> IGUAL
func_8001C33C	84	IGUAL	func_8001C33C: 8 de 8 capturas y 371 de 371 variantes iguales -> IGUAL
func_8001C390	52	DISTINTO	func_8001C390: 0 de 2 capturas y 0 de 152 variantes iguales -> DISTINTO
func_8001C3C4	64	YA_HECHA	
func_8001C404	88	YA_HECHA	
func_8001C45C	824	DISTINTO	func_8001C45C: 0 de 8 capturas y 21 de 455 variantes iguales -> DISTINTO
func_8001C794	64	YA_HECHA	
func_8001CB4C	704	SIN_CAPTURAS	
func_8001D518	60	IGUAL	func_8001D518: 6 de 6 capturas y 418 de 418 variantes iguales -> IGUAL
func_8001D554	108	IGUAL	func_8001D554: 1 de 1 capturas y 69 de 69 variantes iguales -> IGUAL
func_8001D5C0	440	IGUAL	func_8001D5C0: 1 de 1 capturas y 64 de 64 variantes iguales -> IGUAL
func_8001D778	372	YA_HECHA	
func_8001D8EC	1664	NO_COMPILA	src/auto/func_8001D8EC.c:49:9: error: invalid type argument of unary ‘*’ (have ‘s32’ {aka ‘int’})
func_8001DF6C	212	SIN_CAPTURAS	
func_8001E040	44	IGUAL	func_8001E040: 2 de 2 capturas y 117 de 117 variantes iguales -> IGUAL
func_8001E06C	248	YA_HECHA	
func_8001E164	204	IGUAL	func_8001E164: 8 de 8 capturas y 361 de 361 variantes iguales -> IGUAL
func_8001E230	172	IGUAL	func_8001E230: 8 de 8 capturas y 270 de 270 variantes iguales -> IGUAL
func_8001E2DC	136	IGUAL	func_8001E2DC: 8 de 8 capturas y 336 de 336 variantes iguales -> IGUAL
func_8001E588	544	DISTINTO	func_8001E588: 0 de 8 capturas y 22 de 404 variantes iguales -> DISTINTO
func_8001E7A8	332	YA_HECHA	
func_8001E8F4	164	IGUAL	func_8001E8F4: 8 de 8 capturas y 423 de 423 variantes iguales -> IGUAL
func_8001E998	68	IGUAL	func_8001E998: 8 de 8 capturas y 264 de 264 variantes iguales -> IGUAL
func_8001E9DC	8	IGUAL	func_8001E9DC: 6 de 6 capturas y 204 de 204 variantes iguales -> IGUAL
func_8001ED9C	72	YA_HECHA	
func_8001EDE4	1112	IGUAL_V0	func_8001EDE4: 0 de 8 capturas y 37 de 472 variantes iguales -> IGUAL_V0
func_8001F23C	196	YA_HECHA	
func_8001F300	52	IGUAL	func_8001F300: 8 de 8 capturas y 313 de 313 variantes iguales -> IGUAL
func_8001F334	44	IGUAL	func_8001F334: 8 de 8 capturas y 355 de 355 variantes iguales -> IGUAL
func_8001F360	188	IGUAL	func_8001F360: 8 de 8 capturas y 196 de 196 variantes iguales -> IGUAL
func_8001F41C	140	IGUAL	func_8001F41C: 2 de 2 capturas y 114 de 114 variantes iguales -> IGUAL
func_8001F518	12	IGUAL	func_8001F518: 6 de 6 capturas y 371 de 371 variantes iguales -> IGUAL
func_8001F524	420	SIN_CAPTURAS	
func_8001F6C8	884	YA_HECHA	
func_8001FA3C	544	YA_HECHA	
func_8001FC5C	152	IGUAL	func_8001FC5C: 8 de 8 capturas y 476 de 476 variantes iguales -> IGUAL
func_8001FCF4	52	IGUAL	func_8001FCF4: 8 de 8 capturas y 292 de 292 variantes iguales -> IGUAL
func_8001FD28	40	IGUAL	func_8001FD28: 8 de 8 capturas y 146 de 146 variantes iguales -> IGUAL
func_8001FD50	1348	YA_HECHA	
func_80020294	604	M2C_FALLA	Cannot find branch target func_80020294
func_800204F0	496	YA_HECHA	
func_800206E0	8	IGUAL	func_800206E0: 6 de 6 capturas y 204 de 204 variantes iguales -> IGUAL
func_800206E8	8	IGUAL	func_800206E8: 6 de 6 capturas y 204 de 204 variantes iguales -> IGUAL
func_800206F0	116	YA_HECHA	
func_80020764	72	YA_HECHA	
func_800207AC	108	IGUAL	func_800207AC: 8 de 8 capturas y 330 de 330 variantes iguales -> IGUAL
func_80020818	560	DISTINTO	func_80020818: 0 de 8 capturas y 187 de 368 variantes iguales -> DISTINTO
func_80021120	112	YA_HECHA	
func_80021190	68	SIN_CAPTURAS	
func_800211D4	256	IGUAL_V0	func_800211D4: 0 de 8 capturas y 0 de 492 variantes iguales -> IGUAL_V0
func_800212D4	204	IGUAL	func_800212D4: 1 de 1 capturas y 0 de 0 variantes iguales -> IGUAL
func_800213A0	412	NO_TERMINA	func_800213A0: la original no termina en el emulador (espera al hardware) -> NO_TERMINA
func_8002153C	660	DISTINTO	func_8002153C: 0 de 1 capturas y 0 de 0 variantes iguales -> DISTINTO
func_800217D0	260	IGUAL	func_800217D0: 8 de 8 capturas y 608 de 608 variantes iguales -> IGUAL
func_800218D4	244	NO_TERMINA	func_800218D4: la original no termina en el emulador (espera al hardware) -> NO_TERMINA
func_800219C8	48	IGUAL	func_800219C8: 6 de 6 capturas y 0 de 0 variantes iguales -> IGUAL
func_800219F8	56	NO_TERMINA	func_800219F8: la original no termina en el emulador (espera al hardware) -> NO_TERMINA
func_80021A30	100	DISTINTO	func_80021A30: 5 de 6 capturas y 0 de 0 variantes iguales -> DISTINTO
func_80021A94	184	NO_TERMINA	func_80021A94: la original no termina en el emulador (espera al hardware) -> NO_TERMINA
func_80021B4C	240	YA_HECHA	
func_80021C3C	12	IGUAL	func_80021C3C: 8 de 8 capturas y 304 de 304 variantes iguales -> IGUAL
func_80021C48	156	NO_COMPILA	src/auto/func_80021C48.c:22:9: error: invalid type argument of unary ‘*’ (have ‘s32’ {aka ‘int’})
func_80021CE4	96	YA_HECHA	
func_80021D44	272	YA_HECHA	
func_80021E54	284	YA_HECHA	
func_80021F70	236	YA_HECHA	
func_8002205C	168	IGUAL	func_8002205C: 8 de 8 capturas y 211 de 211 variantes iguales -> IGUAL
func_80022104	136	YA_HECHA	
func_8002218C	28	IGUAL	func_8002218C: 8 de 8 capturas y 359 de 359 variantes iguales -> IGUAL
func_800221A8	84	IGUAL	func_800221A8: 8 de 8 capturas y 416 de 416 variantes iguales -> IGUAL
func_800221FC	96	IGUAL	func_800221FC: 2 de 2 capturas y 135 de 135 variantes iguales -> IGUAL
func_8002225C	60	IGUAL	func_8002225C: 8 de 8 capturas y 444 de 444 variantes iguales -> IGUAL
func_80022298	120	IGUAL	func_80022298: 2 de 2 capturas y 54 de 54 variantes iguales -> IGUAL
func_80022310	216	SIN_CAPTURAS	
func_800223E8	100	YA_HECHA	
func_8002244C	108	SIN_CAPTURAS	
func_800224B8	112	SIN_CAPTURAS	
func_80022528	60	YA_HECHA	
func_80022564	176	YA_HECHA	
func_80022614	772	NO_COMPILA	src/auto/func_80022614.c:27:5: error: invalid type argument of unary ‘*’ (have ‘s32’ {aka ‘int’})
func_80022918	692	NO_COMPILA	src/auto/func_80022918.c:26:5: error: invalid type argument of unary ‘*’ (have ‘s32’ {aka ‘int’})
func_80022BCC	384	YA_HECHA	
func_80022D4C	268	YA_HECHA	
func_80022E58	156	YA_HECHA	
func_80022EF4	140	IGUAL	func_80022EF4: 8 de 8 capturas y 608 de 608 variantes iguales -> IGUAL
func_80022FD8	100	IGUAL	func_80022FD8: 1 de 1 capturas y 38 de 38 variantes iguales -> IGUAL
func_8002303C	1600	DISTINTO	func_8002303C: 0 de 8 capturas y 18 de 601 variantes iguales -> DISTINTO
func_8002367C	1136	NO_COMPILA	src/auto/func_8002367C.c:53:13: error: ‘default’ label not within a switch statement
func_80023AEC	80	IGUAL	func_80023AEC: 2 de 2 capturas y 152 de 152 variantes iguales -> IGUAL
func_80023B3C	768	DISTINTO	func_80023B3C: 0 de 2 capturas y 0 de 103 variantes iguales -> DISTINTO
func_80023E3C	408	IGUAL_V0	func_80023E3C: 0 de 3 capturas y 0 de 163 variantes iguales -> IGUAL_V0
func_80023FD4	576	DISTINTO	func_80023FD4: 2 de 3 capturas y 103 de 192 variantes iguales -> DISTINTO
func_80024294	108	IGUAL	func_80024294: 3 de 3 capturas y 48 de 48 variantes iguales -> IGUAL
func_80024300	40	YA_HECHA	
func_80024444	12	IGUAL	func_80024444: 6 de 6 capturas y 378 de 378 variantes iguales -> IGUAL
func_80024450	284	SIN_CAPTURAS	
func_800249B8	20	IGUAL	func_800249B8: 6 de 6 capturas y 362 de 362 variantes iguales -> IGUAL
func_800249CC	124	YA_HECHA	
func_80024A48	316	YA_HECHA	
func_80024DE4	8	SIN_CAPTURAS	
func_80024DEC	8	SIN_CAPTURAS	
func_80024DF4	8	IGUAL	func_80024DF4: 8 de 8 capturas y 272 de 272 variantes iguales -> IGUAL
func_80024DFC	368	YA_HECHA	
func_80024F6C	8	IGUAL	func_80024F6C: 1 de 1 capturas y 34 de 34 variantes iguales -> IGUAL
func_80024F74	8	SIN_CAPTURAS	
func_80024F84	8	SIN_CAPTURAS	
func_80024F8C	104	IGUAL	func_80024F8C: 8 de 8 capturas y 284 de 284 variantes iguales -> IGUAL
func_80024FF4	96	IGUAL	func_80024FF4: 8 de 8 capturas y 274 de 274 variantes iguales -> IGUAL
func_8002505C	8	IGUAL	func_8002505C: 8 de 8 capturas y 272 de 272 variantes iguales -> IGUAL
func_80025064	8	IGUAL	func_80025064: 2 de 2 capturas y 68 de 68 variantes iguales -> IGUAL
func_8002506C	492	DISTINTO	func_8002506C: 1 de 1 capturas y 43 de 58 variantes iguales -> DISTINTO
func_80025258	72	IGUAL	func_80025258: 4 de 4 capturas y 118 de 118 variantes iguales -> IGUAL
func_800252A0	1088	NO_COMPILA	no compila: error: el C define el dato del juego tabla_clases_niveles; tiene que ser extern
func_800256E0	188	IGUAL	func_800256E0: 6 de 6 capturas y 456 de 456 variantes iguales -> IGUAL
func_8002579C	8	SIN_CAPTURAS	
func_800257A4	80	IGUAL	func_800257A4: 8 de 8 capturas y 608 de 608 variantes iguales -> IGUAL
func_800257F4	368	NO_TERMINA	func_800257F4: la original no termina en el emulador (espera al hardware) -> NO_TERMINA
func_80025964	68	IGUAL	func_80025964: 6 de 6 capturas y 246 de 246 variantes iguales -> IGUAL
func_800259A8	104	IGUAL	func_800259A8: 8 de 8 capturas y 395 de 395 variantes iguales -> IGUAL
func_80025A10	400	NO_TERMINA	func_80025A10: la original no termina en el emulador (espera al hardware) -> NO_TERMINA
func_80025BA0	240	YA_HECHA	
func_80025C90	280	SIN_CAPTURAS	
func_80025DA8	44	IGUAL	func_80025DA8: 1 de 1 capturas y 46 de 46 variantes iguales -> IGUAL
func_80025DD4	20	SIN_CAPTURAS	
func_80025EF8	820	NO_COMPILA	src/auto/func_80025EF8.c:43:17: error: too few arguments to function ‘D_8006CFA4’
func_8002622C	528	NO_TERMINA	func_8002622C: la original no termina en el emulador (espera al hardware) -> NO_TERMINA
func_8002643C	632	NO_TERMINA	func_8002643C: la original no termina en el emulador (espera al hardware) -> NO_TERMINA
func_800266B4	144	IGUAL	func_800266B4: 8 de 8 capturas y 402 de 402 variantes iguales -> IGUAL
func_80026744	40	NO_TERMINA	func_80026744: la original no termina en el emulador (espera al hardware) -> NO_TERMINA
func_80026778	168	SIN_CAPTURAS	
func_80026820	1016	SIN_CAPTURAS	
func_80026C18	28	SIN_CAPTURAS	
func_80026C34	200	SIN_CAPTURAS	
func_80026CFC	84	SIN_CAPTURAS	
func_80026D50	96	SIN_CAPTURAS	
func_80026DB0	20	SIN_CAPTURAS	
func_80026DC4	32	SIN_CAPTURAS	
func_80026DE4	32	SIN_CAPTURAS	
func_80026E04	32	SIN_CAPTURAS	
func_80026E24	20	SIN_CAPTURAS	
func_80026E3C	12	SIN_CAPTURAS	
func_80026E48	132	SIN_CAPTURAS	
func_80026ECC	624	SIN_CAPTURAS	
func_8002713C	56	SIN_CAPTURAS	
func_80027174	212	SIN_CAPTURAS	
func_80027248	104	SIN_CAPTURAS	
func_800272B0	152	SIN_CAPTURAS	
func_80027348	32	IGUAL	func_80027348: 2 de 2 capturas y 48 de 48 variantes iguales -> IGUAL
func_80027368	72	NO_TERMINA	func_80027368: la original no termina en el emulador (espera al hardware) -> NO_TERMINA
func_800273B0	216	NO_TERMINA	func_800273B0: la original no termina en el emulador (espera al hardware) -> NO_TERMINA
func_80027488	172	NO_TERMINA	func_80027488: la original no termina en el emulador (espera al hardware) -> NO_TERMINA
func_80027534	196	NO_TERMINA	func_80027534: la original no termina en el emulador (espera al hardware) -> NO_TERMINA
func_800275F8	916	NO_COMPILA	src/auto/func_800275F8.c:37:9: error: too few arguments to function ‘D_8006CF90’
func_80027998	32	IGUAL	func_80027998: 1 de 1 capturas y 60 de 60 variantes iguales -> IGUAL
func_800279B8	76	IGUAL	func_800279B8: 8 de 8 capturas y 501 de 501 variantes iguales -> IGUAL
func_80027A04	204	YA_HECHA	
func_80027AD0	248	NO_COMPILA	src/auto/func_80027AD0.c:33:26: error: invalid type argument of unary ‘*’ (have ‘s32’ {aka ‘int’})
func_80027BC8	212	SIN_CAPTURAS	
func_80027C9C	168	SIN_CAPTURAS	
func_80027D44	56	SIN_CAPTURAS	
func_80027D7C	116	IGUAL_V0	func_80027D7C: 0 de 1 capturas y 0 de 68 variantes iguales -> IGUAL_V0
func_80027DF0	280	IGUAL_V0	func_80027DF0: 3 de 8 capturas y 213 de 512 variantes iguales -> IGUAL_V0
func_80027F08	68	YA_HECHA	
func_80027F4C	272	IGUAL	func_80027F4C: 8 de 8 capturas y 479 de 479 variantes iguales -> IGUAL
func_8002805C	636	IGUAL_V0	func_8002805C: 0 de 8 capturas y 43 de 464 variantes iguales -> IGUAL_V0
func_800282D8	124	SIN_CAPTURAS	
func_80028354	112	IGUAL	func_80028354: 8 de 8 capturas y 608 de 608 variantes iguales -> IGUAL
func_800283C4	568	DISTINTO	func_800283C4: 0 de 1 capturas y 0 de 23 variantes iguales -> DISTINTO
func_800285FC	624	IGUAL	func_800285FC: 8 de 8 capturas y 406 de 406 variantes iguales -> IGUAL
func_8002886C	1000	NO_COMPILA	src/auto/func_8002886C.c:100:13: error: too few arguments to function ‘D_8006CF88’
func_80028C54	172	SIN_CAPTURAS	
func_80028D0C	52	DISTINTO	func_80028D0C: 0 de 1 capturas y 0 de 46 variantes iguales -> DISTINTO
func_80028D40	844	NO_COMPILA	src/auto/func_80028D40.c:45:17: error: too many arguments to function ‘func_80028D40’
func_8002908C	32	IGUAL	func_8002908C: 8 de 8 capturas y 336 de 336 variantes iguales -> IGUAL
func_800290AC	160	IGUAL	func_800290AC: 8 de 8 capturas y 608 de 608 variantes iguales -> IGUAL
func_8002914C	200	SIN_CAPTURAS	
func_80029214	732	IGUAL	func_80029214: 8 de 8 capturas y 368 de 368 variantes iguales -> IGUAL
func_800294F0	40	SIN_CAPTURAS	
func_80029518	24	SIN_CAPTURAS	
func_80029530	28	SIN_CAPTURAS	
func_800297CC	60	NO_TERMINA	func_800297CC: la original no termina en el emulador (espera al hardware) -> NO_TERMINA
func_80029808	40	IGUAL	func_80029808: 8 de 8 capturas y 368 de 368 variantes iguales -> IGUAL
func_80029830	40	SIN_CAPTURAS	
func_80029858	40	IGUAL	func_80029858: 8 de 8 capturas y 368 de 368 variantes iguales -> IGUAL
func_8002988C	144	NO_TERMINA	func_8002988C: la original no termina en el emulador (espera al hardware) -> NO_TERMINA
func_8002991C	16	IGUAL	func_8002991C: 8 de 8 capturas y 544 de 544 variantes iguales -> IGUAL
func_8002992C	16	IGUAL	func_8002992C: 8 de 8 capturas y 544 de 544 variantes iguales -> IGUAL
func_8002993C	12	IGUAL	func_8002993C: 8 de 8 capturas y 304 de 304 variantes iguales -> IGUAL
func_80029948	108	SIN_CAPTURAS	
func_800299B4	32	IGUAL	func_800299B4: 8 de 8 capturas y 393 de 393 variantes iguales -> IGUAL
func_800299D4	20	IGUAL	func_800299D4: 1 de 1 capturas y 64 de 64 variantes iguales -> IGUAL
func_800299E8	52	SIN_CAPTURAS	
func_80029A1C	52	SIN_CAPTURAS	
func_80029A50	32	IGUAL	func_80029A50: 8 de 8 capturas y 441 de 441 variantes iguales -> IGUAL
func_80029A70	32	IGUAL	func_80029A70: 8 de 8 capturas y 449 de 449 variantes iguales -> IGUAL
func_80029A90	20	IGUAL	func_80029A90: 8 de 8 capturas y 512 de 512 variantes iguales -> IGUAL
func_80029AA4	20	IGUAL	func_80029AA4: 8 de 8 capturas y 512 de 512 variantes iguales -> IGUAL
func_80029AB8	316	NO_TERMINA	func_80029AB8: la original no termina en el emulador (espera al hardware) -> NO_TERMINA
func_80029BF4	308	IGUAL	func_80029BF4: 8 de 8 capturas y 551 de 551 variantes iguales -> IGUAL
func_80029D28	332	NO_TERMINA	func_80029D28: la original no termina en el emulador (espera al hardware) -> NO_TERMINA
func_80029EB4	32	SIN_CAPTURAS	
func_80029ED4	36	DISTINTO	func_80029ED4: 0 de 1 capturas y 0 de 51 variantes iguales -> DISTINTO
func_80029EF8	32	SIN_CAPTURAS	
func_80029F18	260	IGUAL	func_80029F18: 8 de 8 capturas y 282 de 282 variantes iguales -> IGUAL
func_8002A09C	1372	NO_COMPILA	src/auto/func_8002A09C.c:139:32: error: ‘sp19’ undeclared (first use in this function); did you mean ‘sp18’?
func_8002A5F8	216	IGUAL	func_8002A5F8: 8 de 8 capturas y 535 de 535 variantes iguales -> IGUAL
func_8002A6D0	640	NO_COMPILA	src/auto/func_8002A6D0.c:110:21: error: invalid type argument of unary ‘*’ (have ‘s32’ {aka ‘int’})
func_8002A950	712	NO_COMPILA	src/auto/func_8002A950.c:115:21: error: invalid type argument of unary ‘*’ (have ‘s32’ {aka ‘int’})
func_8002AC18	1036	NO_COMPILA	src/auto/func_8002AC18.c:100:34: error: invalid type argument of unary ‘*’ (have ‘s32’ {aka ‘int’})
func_8002B024	136	IGUAL	func_8002B024: 6 de 6 capturas y 327 de 327 variantes iguales -> IGUAL
func_8002B0AC	212	IGUAL	func_8002B0AC: 8 de 8 capturas y 451 de 451 variantes iguales -> IGUAL
func_8002B180	240	IGUAL	func_8002B180: 1 de 1 capturas y 53 de 53 variantes iguales -> IGUAL
func_8002B270	76	SIN_CAPTURAS	
func_8002B2BC	480	NO_COMPILA	no compila: error: el C define el dato del juego D_8006D2CC; tiene que ser extern
func_8002B49C	360	SIN_CAPTURAS	
func_8002B704	236	SIN_CAPTURAS	
func_8002B7F0	32	IGUAL	func_8002B7F0: 8 de 8 capturas y 468 de 468 variantes iguales -> IGUAL
func_8002B810	708	NO_COMPILA	src/auto/func_8002B810.c:53:32: error: ‘sp18’ undeclared (first use in this function); did you mean ‘sp1B’?
func_8002BAD4	164	YA_HECHA	
func_8002BB78	668	NO_COMPILA	src/auto/func_8002BB78.c:59:37: error: ‘sp18’ undeclared (first use in this function); did you mean ‘sp1B’?
func_8002BE14	104	NO_TERMINA	func_8002BE14: la original no termina en el emulador (espera al hardware) -> NO_TERMINA
func_8002BE88	728	NO_COMPILA	src/auto/func_8002BE88.c:42:9: error: invalid type argument of unary ‘*’ (have ‘s32’ {aka ‘int’})
func_8002C160	52	YA_HECHA	
func_8002CB00	32	NO_TERMINA	func_8002CB00: la original no termina en el emulador (espera al hardware) -> NO_TERMINA
func_8002CB2C	132	NO_TERMINA	func_8002CB2C: la original no termina en el emulador (espera al hardware) -> NO_TERMINA
func_8002CBB0	396	IGUAL_V0	func_8002CBB0: 0 de 8 capturas y 0 de 487 variantes iguales -> IGUAL_V0
func_8002CD3C	376	NO_TERMINA	func_8002CD3C: la original no termina en el emulador (espera al hardware) -> NO_TERMINA
func_8002CEB4	112	NO_TERMINA	func_8002CEB4: la original no termina en el emulador (espera al hardware) -> NO_TERMINA
func_8002CF28	488	NO_COMPILA	src/auto/func_8002CF28.c:63:17: error: invalid type argument of unary ‘*’ (have ‘s32’ {aka ‘int’})
func_8002D170	0	ERROR	A process in the process pool was terminated abruptly while the future was running or pending.
func_8002D520	28	IGUAL	func_8002D520: 1 de 1 capturas y 38 de 38 variantes iguales -> IGUAL
func_8002D540	44	SIN_CAPTURAS	
func_8002D56C	424	NO_COMPILA	src/auto/func_8002D56C.c:43:5: error: invalid type argument of unary ‘*’ (have ‘s32’ {aka ‘int’})
func_8002D714	2332	NO_COMPILA	src/auto/func_8002D714.c:62:26: error: ‘sp31’ undeclared (first use in this function); did you mean ‘sp30’?
func_8002E030	196	NO_COMPILA	src/auto/func_8002E030.c:16:10: error: ‘p_sabrina’ undeclared (first use in this function)
func_8002E0F4	8	SIN_CAPTURAS	
func_8002E0FC	280	SIN_CAPTURAS	
func_8002E21C	768	IGUAL	func_8002E21C: 2 de 2 capturas y 89 de 89 variantes iguales -> IGUAL
func_8002E51C	1792	NO_COMPILA	src/auto/func_8002E51C.c:54:45: error: ‘p_sabrina’ undeclared (first use in this function)
func_8002EC1C	224	YA_HECHA	
func_8002ECFC	52	YA_HECHA	
func_8002ED30	28	YA_HECHA	
func_8002ED4C	124	IGUAL	func_8002ED4C: 8 de 8 capturas y 395 de 395 variantes iguales -> IGUAL
func_8002EDC8	452	DISTINTO	func_8002EDC8: 0 de 8 capturas y 31 de 448 variantes iguales -> DISTINTO
func_8002EF8C	68	IGUAL	func_8002EF8C: 8 de 8 capturas y 437 de 437 variantes iguales -> IGUAL
func_8002EFD0	92	IGUAL	func_8002EFD0: 8 de 8 capturas y 438 de 438 variantes iguales -> IGUAL
func_8002F298	652	NO_COMPILA	src/auto/func_8002F298.c:122:18: error: ‘spDA’ undeclared (first use in this function); did you mean ‘spD8’?
func_8002F524	604	NO_COMPILA	src/auto/func_8002F524.c:113:18: error: ‘spCA’ undeclared (first use in this function); did you mean ‘spC8’?
func_8002F780	544	NO_COMPILA	src/auto/func_8002F780.c:104:18: error: ‘spB6’ undeclared (first use in this function); did you mean ‘spB4’?
func_8002F9A0	604	NO_COMPILA	src/auto/func_8002F9A0.c:114:18: error: ‘spCA’ undeclared (first use in this function); did you mean ‘spC8’?
func_8002FBFC	616	NO_COMPILA	src/auto/func_8002FBFC.c:116:18: error: ‘spCA’ undeclared (first use in this function); did you mean ‘spC8’?
func_8002FE64	184	YA_HECHA	
func_8002FF1C	156	NO_COMPILA	src/auto/func_8002FF1C.c:40:18: error: ‘sp36’ undeclared (first use in this function); did you mean ‘sp34’?
func_8002FFB8	176	NO_TERMINA	func_8002FFB8: la original no termina en el emulador (espera al hardware) -> NO_TERMINA
func_80030068	92	IGUAL	func_80030068: 8 de 8 capturas y 223 de 223 variantes iguales -> IGUAL
func_800300C4	104	SIN_CAPTURAS	
func_8003012C	48	IGUAL	func_8003012C: 4 de 4 capturas y 191 de 191 variantes iguales -> IGUAL
func_8003015C	48	IGUAL	func_8003015C: 4 de 4 capturas y 221 de 221 variantes iguales -> IGUAL
func_8003018C	16	YA_HECHA	
func_8003019C	108	YA_HECHA	
func_80030208	3164	NO_COMPILA	src/auto/func_80030208.c:69:18: error: ‘p_sabrina’ undeclared (first use in this function)
func_80030E64	100	YA_HECHA	
func_80030EC8	80	SIN_CAPTURAS	
func_80030F18	232	YA_HECHA	
func_80031000	180	SIN_CAPTURAS	
func_800313E4	176	SIN_CAPTURAS	
func_80031494	164	YA_HECHA	
func_80031538	352	YA_HECHA	
func_80031698	572	NO_COMPILA	src/auto/func_80031698.c:104:18: error: ‘p_sabrina’ undeclared (first use in this function)
func_800318D4	32	SIN_CAPTURAS	
func_800318F4	3256	DISTINTO	func_800318F4: 8 de 8 capturas y 351 de 353 variantes iguales -> DISTINTO
func_800325AC	1516	NO_COMPILA	src/auto/func_800325AC.c:37:9: error: ‘p_sabrina’ undeclared (first use in this function)
func_80032B98	952	NO_COMPILA	no compila: error: el C define el dato del juego D_80074BC4; tiene que ser extern
func_80032F50	64	IGUAL	func_80032F50: 8 de 8 capturas y 520 de 520 variantes iguales -> IGUAL
func_80032F90	452	IGUAL	func_80032F90: 8 de 8 capturas y 479 de 479 variantes iguales -> IGUAL
func_80033AD8	68	IGUAL	func_80033AD8: 8 de 8 capturas y 320 de 320 variantes iguales -> IGUAL
func_80033B1C	940	IGUAL	func_80033B1C: 2 de 2 capturas y 79 de 79 variantes iguales -> IGUAL
func_80033EC8	256	IGUAL	func_80033EC8: 6 de 6 capturas y 232 de 232 variantes iguales -> IGUAL
func_80034710	96	NO_COMPILA	src/auto/func_80034710.c:9:29: error: ‘p_sabrina’ undeclared (first use in this function)
func_80034770	12	IGUAL	func_80034770: 1 de 1 capturas y 26 de 26 variantes iguales -> IGUAL
func_8003477C	628	DISTINTO	func_8003477C: 0 de 8 capturas y 11 de 315 variantes iguales -> DISTINTO
func_800349F0	1428	NO_COMPILA	include/m2c_macros.h:20:44: error: too few arguments to function ‘*((M2C_UNK (**)(void *))arg0 + 12)’
func_80034F84	76	SIN_CAPTURAS	
func_80034FD0	200	IGUAL	func_80034FD0: 1 de 1 capturas y 45 de 45 variantes iguales -> IGUAL
func_80035098	12	IGUAL	func_80035098: 1 de 1 capturas y 38 de 38 variantes iguales -> IGUAL
func_800350A4	88	YA_HECHA	
func_800350FC	148	YA_HECHA	
func_80035190	388	IGUAL_V0	func_80035190: 6 de 6 capturas y 252 de 262 variantes iguales -> IGUAL_V0
func_80035314	3900	NO_COMPILA	src/auto/func_80035314.c:49:5: error: unknown type name ‘ObjExtra’
func_80036250	188	YA_HECHA	
func_8003630C	260	YA_HECHA	
func_80036410	276	YA_HECHA	
func_80036524	204	YA_HECHA	
func_800365F0	656	NO_COMPILA	src/auto/func_800365F0.c:29:49: error: ‘p_sabrina’ undeclared (first use in this function)
func_80036880	1240	NO_COMPILA	src/auto/func_80036880.c:35:15: error: ‘p_sabrina’ undeclared (first use in this function)
func_80036D58	1296	NO_COMPILA	src/auto/func_80036D58.c:24:18: error: ‘p_sabrina’ undeclared (first use in this function)
func_80037268	16	SIN_CAPTURAS	
func_80037278	496	DISTINTO	func_80037278: 1 de 6 capturas y 23 de 221 variantes iguales -> DISTINTO
func_80037468	720	DISTINTO	func_80037468: 0 de 2 capturas y 10 de 91 variantes iguales -> DISTINTO
func_80037738	548	NO_COMPILA	no compila: error: el C define el dato del juego D_80074BC4; tiene que ser extern
func_8003795C	188	YA_HECHA	
func_80037A18	932	NO_COMPILA	src/auto/func_80037A18.c:38:50: error: ‘sp58’ undeclared (first use in this function); did you mean ‘sp54’?
func_80037DBC	36	SIN_CAPTURAS	
func_80037DE0	256	SIN_CAPTURAS	
func_80037EE0	68	IGUAL	func_80037EE0: 1 de 1 capturas y 41 de 41 variantes iguales -> IGUAL
func_80037F24	560	IGUAL	func_80037F24: 1 de 1 capturas y 42 de 42 variantes iguales -> IGUAL
func_80038154	200	SIN_CAPTURAS	
func_8003821C	252	YA_HECHA	
func_80038318	1536	NO_COMPILA	src/auto/func_80038318.c:9:5: error: unknown type name ‘ObjExtra’
func_80038918	196	SIN_CAPTURAS	
func_800389DC	280	SIN_CAPTURAS	
func_80038AF4	324	SIN_CAPTURAS	
func_80038C38	256	SIN_CAPTURAS	
func_80038D38	280	SIN_CAPTURAS	
func_80038E50	100	SIN_CAPTURAS	
func_80038EB4	84	SIN_CAPTURAS	
func_80038F08	164	SIN_CAPTURAS	
func_80038FAC	132	SIN_CAPTURAS	
func_80039030	108	SIN_CAPTURAS	
func_8003909C	104	SIN_CAPTURAS	
func_80039104	556	SIN_CAPTURAS	
func_80039330	32	SIN_CAPTURAS	
func_80039350	800	SIN_CAPTURAS	
func_80039670	204	SIN_CAPTURAS	
func_8003973C	76	SIN_CAPTURAS	
func_80039788	132	SIN_CAPTURAS	
func_8003980C	404	SIN_CAPTURAS	
func_800399A0	72	SIN_CAPTURAS	
func_800399E8	76	SIN_CAPTURAS	
func_80039A34	60	YA_HECHA	
func_80039A70	132	YA_HECHA	
func_80039AF4	40	YA_HECHA	
func_80039B1C	132	YA_HECHA	
func_80039BA0	40	YA_HECHA	
func_80039BC8	388	YA_HECHA	
func_80039D4C	132	SIN_CAPTURAS	
func_80039DD0	236	SIN_CAPTURAS	
func_80039EBC	232	SIN_CAPTURAS	
func_80039FA4	204	IGUAL	func_80039FA4: 8 de 8 capturas y 293 de 293 variantes iguales -> IGUAL
func_8003A070	268	YA_HECHA	
func_8003A17C	212	YA_HECHA	
func_8003A250	8	YA_HECHA	
func_8003A258	8	YA_HECHA	
func_8003A260	8	YA_HECHA	
func_8003A46C	184	YA_HECHA	
func_8003A524	556	DISTINTO	func_8003A524: 4 de 8 capturas y 239 de 367 variantes iguales -> DISTINTO
func_8003A750	508	IGUAL	func_8003A750: 8 de 8 capturas y 470 de 470 variantes iguales -> IGUAL
func_8003A94C	1244	NO_COMPILA	src/auto/func_8003A94C.c:54:14: error: ‘saved_reg_s2’ undeclared (first use in this function)
func_8003AE84	196	YA_HECHA	
func_8003AF48	84	YA_HECHA	
func_8003AF9C	1008	NO_COMPILA	src/auto/func_8003AF9C.c:49:14: error: ‘saved_reg_s3’ undeclared (first use in this function)
func_8003B38C	336	IGUAL	func_8003B38C: 8 de 8 capturas y 336 de 336 variantes iguales -> IGUAL
func_8003B4DC	96	SIN_CAPTURAS	
func_8003B53C	64	SIN_CAPTURAS	
func_8003B57C	792	SIN_CAPTURAS	
func_8003B894	660	SIN_CAPTURAS	
func_8003BB28	128	SIN_CAPTURAS	
func_8003BBA8	92	SIN_CAPTURAS	
func_8003BC04	176	SIN_CAPTURAS	
func_8003BCB4	280	SIN_CAPTURAS	
func_8003BDCC	100	SIN_CAPTURAS	
func_8003BE38	396	SIN_CAPTURAS	
func_8003BFC4	40	NO_COMPILA	src/auto/func_8003BFC4.c:9:17: error: ‘p_sabrina’ undeclared (first use in this function)
func_8003BFEC	508	IGUAL	func_8003BFEC: 2 de 2 capturas y 111 de 111 variantes iguales -> IGUAL
func_8003C1E8	832	NO_COMPILA	src/auto/func_8003C1E8.c:56:16: error: ‘p_sabrina’ undeclared (first use in this function)
func_8003C528	336	SIN_CAPTURAS	
func_8003C678	640	SIN_CAPTURAS	
func_8003C8F8	228	IGUAL_V0	func_8003C8F8: 0 de 2 capturas y 2 de 55 variantes iguales -> IGUAL_V0
func_8003C9DC	1064	SIN_CAPTURAS	
func_8003CE04	236	SIN_CAPTURAS	
func_8003CEF0	112	SIN_CAPTURAS	
func_8003CF60	172	YA_HECHA	
func_8003D00C	136	IGUAL	func_8003D00C: 2 de 2 capturas y 108 de 108 variantes iguales -> IGUAL
func_8003D094	196	SIN_CAPTURAS	
func_8003D158	8	SIN_CAPTURAS	
func_8003D160	280	SIN_CAPTURAS	
func_8003D278	504	IGUAL	func_8003D278: 1 de 1 capturas y 42 de 42 variantes iguales -> IGUAL
func_8003D478	380	IGUAL_V0	func_8003D478: 2 de 2 capturas y 78 de 99 variantes iguales -> IGUAL_V0
func_8003D5F4	500	NO_COMPILA	src/auto/func_8003D5F4.c:32:45: error: ‘p_sabrina’ undeclared (first use in this function)
func_8003D7E8	20	IGUAL	func_8003D7E8: 8 de 8 capturas y 336 de 336 variantes iguales -> IGUAL
func_8003D9D0	116	IGUAL	func_8003D9D0: 6 de 6 capturas y 447 de 447 variantes iguales -> IGUAL
func_8003DC08	64	IGUAL	func_8003DC08: 6 de 6 capturas y 456 de 456 variantes iguales -> IGUAL
func_8003DC48	252	DISTINTO	func_8003DC48: 1 de 1 capturas y 0 de 1 variantes iguales -> DISTINTO
func_8003DD44	48	YA_HECHA	
func_8003DD74	16	IGUAL_V0	func_8003DD74: 0 de 6 capturas y 0 de 204 variantes iguales -> IGUAL_V0
func_8003DD84	28	IGUAL	func_8003DD84: 2 de 2 capturas y 144 de 144 variantes iguales -> IGUAL
func_8003DDA0	92	NO_TERMINA	func_8003DDA0: la original no termina en el emulador (espera al hardware) -> NO_TERMINA
func_8003DDFC	108	NO_TERMINA	func_8003DDFC: la original no termina en el emulador (espera al hardware) -> NO_TERMINA
func_8003DE68	128	NO_TERMINA	func_8003DE68: la original no termina en el emulador (espera al hardware) -> NO_TERMINA
func_8003DEE8	264	SIN_CAPTURAS	
func_8003DFF0	112	SIN_CAPTURAS	
func_8003E060	84	NO_TERMINA	func_8003E060: la original no termina en el emulador (espera al hardware) -> NO_TERMINA
func_8003E0B4	16	NO_TERMINA	func_8003E0B4: la original no termina en el emulador (espera al hardware) -> NO_TERMINA
func_8003E0C4	448	NO_COMPILA	src/auto/func_8003E0C4.c:39:31: error: invalid type argument of unary ‘*’ (have ‘s32’ {aka ‘int’})
func_8003E284	40	IGUAL	func_8003E284: 6 de 6 capturas y 296 de 296 variantes iguales -> IGUAL
func_8003E2AC	40	SIN_CAPTURAS	
func_8003E2D4	640	IGUAL	func_8003E2D4: 1 de 1 capturas y 2 de 2 variantes iguales -> IGUAL
func_8003E554	188	IGUAL	func_8003E554: 6 de 6 capturas y 456 de 456 variantes iguales -> IGUAL
func_8003E610	640	IGUAL	func_8003E610: 6 de 6 capturas y 375 de 375 variantes iguales -> IGUAL
func_8003E890	132	IGUAL	func_8003E890: 6 de 6 capturas y 358 de 358 variantes iguales -> IGUAL
func_8003E914	68	NO_COMPILA	src/auto/func_8003E914.c:14:9: error: invalid type argument of unary ‘*’ (have ‘s32’ {aka ‘int’})
func_8003E958	164	YA_HECHA	
func_8003E9FC	60	SIN_CAPTURAS	
func_8003EA38	88	SIN_CAPTURAS	
func_8003EA90	92	IGUAL	func_8003EA90: 6 de 6 capturas y 276 de 276 variantes iguales -> IGUAL
func_8003EAF8	36	DISTINTO	func_8003EAF8: 0 de 1 capturas y 0 de 50 variantes iguales -> DISTINTO
func_8003F728	36	IGUAL	func_8003F728: 8 de 8 capturas y 534 de 534 variantes iguales -> IGUAL
func_8003F7A8	36	IGUAL	func_8003F7A8: 8 de 8 capturas y 534 de 534 variantes iguales -> IGUAL
func_8003FD68	40	IGUAL	func_8003FD68: 6 de 6 capturas y 252 de 252 variantes iguales -> IGUAL
func_8003FD90	24	IGUAL	func_8003FD90: 6 de 6 capturas y 432 de 432 variantes iguales -> IGUAL
func_80041C48	56	IGUAL	func_80041C48: 1 de 1 capturas y 2 de 2 variantes iguales -> IGUAL
func_80041CD8	560	DISTINTO	func_80041CD8: 0 de 1 capturas y 0 de 22 variantes iguales -> DISTINTO
func_80041F08	76	IGUAL	func_80041F08: 8 de 8 capturas y 399 de 399 variantes iguales -> IGUAL
func_80041F54	72	SIN_CAPTURAS	
func_80041FC8	384	SIN_CAPTURAS	
func_800425C8	860	DISTINTO	func_800425C8: 8 de 8 capturas y 557 de 604 variantes iguales -> DISTINTO
func_80042924	116	IGUAL	func_80042924: 8 de 8 capturas y 608 de 608 variantes iguales -> IGUAL
func_80042B68	12	SIN_CAPTURAS	
func_80042B78	1156	DISTINTO	func_80042B78: 8 de 8 capturas y 416 de 495 variantes iguales -> DISTINTO
func_80043358	104	IGUAL	func_80043358: 8 de 8 capturas y 588 de 588 variantes iguales -> IGUAL
func_800433C0	288	YA_HECHA	
func_800447DC	8	SIN_CAPTURAS	
func_800447E4	1004	DISTINTO	func_800447E4: 0 de 6 capturas y 172 de 241 variantes iguales -> DISTINTO
func_80044BD4	104	YA_HECHA	
func_80044C40	52	IGUAL	func_80044C40: 6 de 6 capturas y 384 de 384 variantes iguales -> IGUAL
func_80044D64	196	YA_HECHA	
func_80044E28	8	IGUAL	func_80044E28: 2 de 2 capturas y 29 de 29 variantes iguales -> IGUAL
func_80044E30	280	SIN_CAPTURAS	
func_80045278	1788	NO_COMPILA	src/auto/func_80045278.c:55:45: error: ‘p_sabrina’ undeclared (first use in this function)
func_80045974	196	SIN_CAPTURAS	
func_80045A38	8	SIN_CAPTURAS	
func_80045A40	280	SIN_CAPTURAS	
func_80045B60	404	IGUAL_V0	func_80045B60: 2 de 2 capturas y 79 de 102 variantes iguales -> IGUAL_V0
func_80045CF4	492	NO_COMPILA	src/auto/func_80045CF4.c:32:45: error: ‘p_sabrina’ undeclared (first use in this function)
func_80045EE0	196	NO_COMPILA	src/auto/func_80045EE0.c:16:10: error: ‘p_sabrina’ undeclared (first use in this function)
func_80045FA4	8	SIN_CAPTURAS	
func_80045FAC	280	IGUAL	func_80045FAC: 2 de 2 capturas y 88 de 88 variantes iguales -> IGUAL
func_800460CC	860	IGUAL_V0	func_800460CC: 0 de 2 capturas y 3 de 100 variantes iguales -> IGUAL_V0
func_80046428	1796	NO_COMPILA	src/auto/func_80046428.c:54:45: error: ‘p_sabrina’ undeclared (first use in this function)
func_80046B2C	36	IGUAL_V0	func_80046B2C: 0 de 2 capturas y 0 de 136 variantes iguales -> IGUAL_V0
func_80046B50	28	SIN_CAPTURAS	
func_80046B6C	36	IGUAL_V0	func_80046B6C: 0 de 1 capturas y 0 de 68 variantes iguales -> IGUAL_V0
func_80046B90	28	NO_TERMINA	func_80046B90: la original no termina en el emulador (espera al hardware) -> NO_TERMINA
func_80046BAC	24	IGUAL_V0	func_80046BAC: 0 de 1 capturas y 0 de 64 variantes iguales -> IGUAL_V0
func_80046BC4	84	IGUAL	func_80046BC4: 1 de 1 capturas y 75 de 75 variantes iguales -> IGUAL
func_80046C18	316	IGUAL	func_80046C18: 6 de 6 capturas y 456 de 456 variantes iguales -> IGUAL
func_80046D54	24	IGUAL_V0	func_80046D54: 0 de 1 capturas y 0 de 58 variantes iguales -> IGUAL_V0
func_80046D6C	160	IGUAL	func_80046D6C: 2 de 2 capturas y 115 de 115 variantes iguales -> IGUAL
func_80046E0C	152	IGUAL	func_80046E0C: 3 de 3 capturas y 227 de 227 variantes iguales -> IGUAL
func_80046EA4	8	IGUAL	func_80046EA4: 1 de 1 capturas y 34 de 34 variantes iguales -> IGUAL
func_80046EAC	20	IGUAL_V0	func_80046EAC: 0 de 1 capturas y 0 de 30 variantes iguales -> IGUAL_V0
func_80046EC0	24	IGUAL_V0	func_80046EC0: 0 de 2 capturas y 0 de 40 variantes iguales -> IGUAL_V0
func_80046ED8	156	SIN_CAPTURAS	
func_80046F74	156	SIN_CAPTURAS	
func_80047010	64	SIN_CAPTURAS	
func_80047058	12	SIN_CAPTURAS	
func_80047064	324	NO_COMPILA	no compila: error: el C define el dato del juego D_800798BC; tiene que ser extern
func_800471A8	36	IGUAL_V0	func_800471A8: 0 de 1 capturas y 0 de 68 variantes iguales -> IGUAL_V0
func_800471CC	44	IGUAL	func_800471CC: 1 de 1 capturas y 20 de 20 variantes iguales -> IGUAL
func_800471F8	60	IGUAL_V0	func_800471F8: 0 de 1 capturas y 0 de 31 variantes iguales -> IGUAL_V0
func_80047234	12	SIN_CAPTURAS	
func_80047240	32	SIN_CAPTURAS	
func_800472D0	8	SIN_CAPTURAS	
func_800472D8	16	SIN_CAPTURAS	
func_80047358	8	SIN_CAPTURAS	
func_80047360	16	SIN_CAPTURAS	
func_80047710	712	DISTINTO	func_80047710: 8 de 8 capturas y 564 de 576 variantes iguales -> DISTINTO
func_800479D8	16	IGUAL	func_800479D8: 2 de 2 capturas y 27 de 27 variantes iguales -> IGUAL
func_800479E8	188	YA_HECHA	
func_80047AA4	932	NO_COMPILA	src/auto/func_80047AA4.c:22:42: error: ‘p_sabrina’ undeclared (first use in this function)
func_80047F0C	8	SIN_CAPTURAS	
func_80047F14	16	SIN_CAPTURAS	
func_80047F24	172	YA_HECHA	
func_80047FD0	16	IGUAL	func_80047FD0: 2 de 2 capturas y 49 de 49 variantes iguales -> IGUAL
func_80047FE0	68	IGUAL	func_80047FE0: 2 de 2 capturas y 94 de 94 variantes iguales -> IGUAL
func_80048024	112	IGUAL_V0	func_80048024: 0 de 1 capturas y 0 de 46 variantes iguales -> IGUAL_V0
func_80048094	112	IGUAL	func_80048094: 2 de 2 capturas y 97 de 97 variantes iguales -> IGUAL
func_80048104	96	NO_COMPILA	src/auto/func_80048104.c:12:14: error: invalid type argument of unary ‘*’ (have ‘s32’ {aka ‘int’})
func_80048164	196	IGUAL	func_80048164: 2 de 2 capturas y 100 de 100 variantes iguales -> IGUAL
func_80048228	332	IGUAL	func_80048228: 2 de 2 capturas y 106 de 106 variantes iguales -> IGUAL
func_80048374	116	SIN_CAPTURAS	
func_800483E8	16	SIN_CAPTURAS	
func_800483F8	112	YA_HECHA	
func_80048468	100	IGUAL	func_80048468: 2 de 2 capturas y 90 de 90 variantes iguales -> IGUAL
func_800484CC	416	SIN_CAPTURAS	
func_8004866C	76	IGUAL_V0	func_8004866C: 0 de 4 capturas y 39 de 252 variantes iguales -> IGUAL_V0
func_800486B8	88	NO_COMPILA	src/auto/func_800486B8.c:9:29: error: ‘p_sabrina’ undeclared (first use in this function)
func_80048710	68	SIN_CAPTURAS	
func_80048754	92	YA_HECHA	
func_800487B0	84	IGUAL	func_800487B0: 8 de 8 capturas y 402 de 402 variantes iguales -> IGUAL
func_80048804	252	SIN_CAPTURAS	
func_80048900	8	IGUAL	func_80048900: 2 de 2 capturas y 68 de 68 variantes iguales -> IGUAL
func_80048908	188	SIN_CAPTURAS	
func_800489C4	816	NO_COMPILA	src/auto/func_800489C4.c:30:31: error: ‘p_sabrina’ undeclared (first use in this function)
func_80048CF4	204	YA_HECHA	
func_80048DC0	684	NO_COMPILA	src/auto/func_80048DC0.c:28:39: error: ‘p_sabrina’ undeclared (first use in this function)
func_8004906C	164	YA_HECHA	
func_80049110	264	YA_HECHA	
func_80049218	156	NO_COMPILA	src/auto/func_80049218.c:11:57: error: ‘p_sabrina’ undeclared (first use in this function)
func_800492B4	212	YA_HECHA	
func_80049388	404	NO_COMPILA	src/auto/func_80049388.c:18:37: error: ‘p_sabrina’ undeclared (first use in this function)
func_8004951C	456	NO_COMPILA	src/auto/func_8004951C.c:21:37: error: ‘p_sabrina’ undeclared (first use in this function)
func_800496E4	528	NO_COMPILA	src/auto/func_800496E4.c:24:19: error: ‘p_sabrina’ undeclared (first use in this function)
func_800498F4	308	SIN_CAPTURAS	
func_80049A28	424	NO_COMPILA	src/auto/func_80049A28.c:20:37: error: ‘p_sabrina’ undeclared (first use in this function)
func_80049BD0	528	NO_COMPILA	src/auto/func_80049BD0.c:24:19: error: ‘p_sabrina’ undeclared (first use in this function)
func_80049DE0	196	SIN_CAPTURAS	
func_80049EA4	8	SIN_CAPTURAS	
func_80049EAC	280	SIN_CAPTURAS	
func_80049FCC	372	IGUAL_V0	func_80049FCC: 0 de 1 capturas y 0 de 46 variantes iguales -> IGUAL_V0
func_8004A140	492	NO_COMPILA	src/auto/func_8004A140.c:32:45: error: ‘p_sabrina’ undeclared (first use in this function)
func_8004A39C	8	SIN_CAPTURAS	
func_8004A3A4	16	SIN_CAPTURAS	
func_8004A3B4	244	IGUAL	func_8004A3B4: 2 de 2 capturas y 98 de 98 variantes iguales -> IGUAL
func_8004A4A8	1596	NO_COMPILA	src/auto/func_8004A4A8.c:44:22: error: ‘p_sabrina’ undeclared (first use in this function)
func_8004AAE4	64	SIN_CAPTURAS	
func_8004AB24	652	SIN_CAPTURAS	
func_8004ADB0	244	SIN_CAPTURAS	
func_8004AEA4	8	IGUAL	func_8004AEA4: 6 de 6 capturas y 204 de 204 variantes iguales -> IGUAL
func_8004AEAC	164	SIN_CAPTURAS	
func_8004AF50	508	SIN_CAPTURAS	
func_8004B14C	208	IGUAL	func_8004B14C: 6 de 6 capturas y 443 de 443 variantes iguales -> IGUAL
func_8004B21C	252	IGUAL	func_8004B21C: 4 de 4 capturas y 200 de 200 variantes iguales -> IGUAL
func_8004B318	8	IGUAL	func_8004B318: 6 de 6 capturas y 204 de 204 variantes iguales -> IGUAL
func_8004B320	2688	DISTINTO	func_8004B320: 6 de 6 capturas y 367 de 369 variantes iguales -> DISTINTO
func_8004BDA0	944	DISTINTO	func_8004BDA0: 0 de 6 capturas y 0 de 451 variantes iguales -> DISTINTO
func_8004C150	212	IGUAL	func_8004C150: 1 de 1 capturas y 76 de 76 variantes iguales -> IGUAL
func_8004C224	8	IGUAL	func_8004C224: 6 de 6 capturas y 204 de 204 variantes iguales -> IGUAL
func_8004C22C	364	IGUAL	func_8004C22C: 6 de 6 capturas y 456 de 456 variantes iguales -> IGUAL
func_8004C3A0	224	IGUAL	func_8004C3A0: 2 de 2 capturas y 140 de 140 variantes iguales -> IGUAL
func_8004C480	148	IGUAL	func_8004C480: 1 de 1 capturas y 66 de 66 variantes iguales -> IGUAL
func_8004C514	148	IGUAL	func_8004C514: 1 de 1 capturas y 65 de 65 variantes iguales -> IGUAL
func_8004C5A8	148	IGUAL	func_8004C5A8: 1 de 1 capturas y 67 de 67 variantes iguales -> IGUAL
func_8004C63C	148	IGUAL	func_8004C63C: 1 de 1 capturas y 65 de 65 variantes iguales -> IGUAL
func_8004C6D0	48	SIN_CAPTURAS	
func_8004C700	48	SIN_CAPTURAS	
func_8004C730	236	SIN_CAPTURAS	
func_8004C81C	8	SIN_CAPTURAS	
func_8004C824	8	SIN_CAPTURAS	
func_8004C82C	544	DISTINTO	func_8004C82C: 0 de 1 capturas y 0 de 46 variantes iguales -> DISTINTO
func_8004CA4C	16	SIN_CAPTURAS	
func_8004CA5C	92	SIN_CAPTURAS	
func_8004CAB8	144	IGUAL	func_8004CAB8: 6 de 6 capturas y 456 de 456 variantes iguales -> IGUAL
func_8004CB48	1400	DISTINTO	func_8004CB48: 0 de 2 capturas y 1 de 87 variantes iguales -> DISTINTO
func_8004D0C0	2564	NO_COMPILA	src/auto/func_8004D0C0.c:76:23: error: ‘p_sabrina’ undeclared (first use in this function)
func_8004DAC4	168	DISTINTO	func_8004DAC4: 1 de 2 capturas y 44 de 112 variantes iguales -> DISTINTO
func_8004DB6C	164	NO_COMPILA	src/auto/func_8004DB6C.c:15:9: error: invalid type argument of unary ‘*’ (have ‘s32’ {aka ‘int’})
func_8004DC10	104	DISTINTO	func_8004DC10: 0 de 1 capturas y 0 de 64 variantes iguales -> DISTINTO
func_8004DC78	8	IGUAL	func_8004DC78: 1 de 1 capturas y 30 de 30 variantes iguales -> IGUAL
func_8004E194	164	YA_HECHA	
func_8004E238	48	YA_HECHA	
func_8004E268	60	YA_HECHA	
func_8004E2A4	40	YA_HECHA	
func_8004E2CC	24	SIN_CAPTURAS	
func_8004E2E4	72	YA_HECHA	
func_8004E32C	684	NO_COMPILA	src/auto/func_8004E32C.c:76:44: error: invalid operands to binary - (have ‘s32’ {aka ‘int’} and ‘s32 *’ {aka ‘int *’})
func_8004E5D8	64	YA_HECHA	
func_8004E618	168	YA_HECHA	
func_8004E6C0	108	SIN_CAPTURAS	
func_8004E72C	72	IGUAL	func_8004E72C: 1 de 1 capturas y 32 de 32 variantes iguales -> IGUAL
func_8004E774	136	YA_HECHA	
func_8004E7FC	112	YA_HECHA	
func_8004E86C	88	YA_HECHA	
func_8004E8C4	460	YA_HECHA	
func_8004EA90	28	SIN_CAPTURAS	
func_8004EAAC	60	SIN_CAPTURAS	
func_8004EAE8	28	IGUAL	func_8004EAE8: 1 de 1 capturas y 34 de 34 variantes iguales -> IGUAL
func_8004EB04	204	DISTINTO	func_8004EB04: 0 de 1 capturas y 0 de 76 variantes iguales -> DISTINTO
func_8004EBD0	396	SIN_CAPTURAS	
func_8004ED5C	96	IGUAL	func_8004ED5C: 1 de 1 capturas y 25 de 25 variantes iguales -> IGUAL
func_8004EDBC	96	SIN_CAPTURAS	
func_8004EE1C	8	SIN_CAPTURAS	
func_8004EE24	208	YA_HECHA	
func_8004EEF4	968	IGUAL_V0	func_8004EEF4: 0 de 2 capturas y 0 de 152 variantes iguales -> IGUAL_V0
func_8004F2BC	28	SIN_CAPTURAS	
func_8004F2D8	536	DISTINTO	func_8004F2D8: 0 de 3 capturas y 28 de 228 variantes iguales -> DISTINTO
func_8004F4F0	28	SIN_CAPTURAS	
func_8004F50C	92	SIN_CAPTURAS	
func_8004F568	716	SIN_CAPTURAS	
func_8004F834	228	SIN_CAPTURAS	
func_8004F918	52	SIN_CAPTURAS	
func_8004F94C	28	SIN_CAPTURAS	
func_8004F968	52	SIN_CAPTURAS	
func_8004F99C	44	SIN_CAPTURAS	
func_8004F9C8	48	IGUAL_V0	func_8004F9C8: 1 de 1 capturas y 64 de 68 variantes iguales -> IGUAL_V0
func_8004F9F8	24	SIN_CAPTURAS	
func_8004FA10	68	SIN_CAPTURAS	
func_8004FA54	504	NO_COMPILA	src/auto/func_8004FA54.c:56:39: error: called object is not a function or function pointer
func_8004FC4C	184	YA_HECHA	
func_8004FD04	48	SIN_CAPTURAS	
func_8004FD34	768	IGUAL	func_8004FD34: 3 de 3 capturas y 167 de 167 variantes iguales -> IGUAL
func_80050034	680	IGUAL	func_80050034: 3 de 3 capturas y 170 de 170 variantes iguales -> IGUAL
func_800502DC	316	SIN_CAPTURAS	
func_80050418	316	SIN_CAPTURAS	
func_80050554	320	SIN_CAPTURAS	
func_80050694	320	SIN_CAPTURAS	
func_800507D4	84	IGUAL	func_800507D4: 3 de 3 capturas y 138 de 138 variantes iguales -> IGUAL
func_80050828	172	IGUAL_V0	func_80050828: 0 de 8 capturas y 0 de 480 variantes iguales -> IGUAL_V0
func_800508D4	92	YA_HECHA	
func_80050938	112	DISTINTO	func_80050938: 0 de 1 capturas y 1 de 23 variantes iguales -> DISTINTO
func_800509A8	64	DISTINTO	func_800509A8: 0 de 1 capturas y 0 de 50 variantes iguales -> DISTINTO
func_800509E8	104	IGUAL	func_800509E8: 3 de 3 capturas y 226 de 226 variantes iguales -> IGUAL
func_80050A50	104	IGUAL	func_80050A50: 1 de 1 capturas y 76 de 76 variantes iguales -> IGUAL
func_80050AB8	392	SIN_CAPTURAS	
func_80050C40	68	SIN_CAPTURAS	
func_80050C84	184	SIN_CAPTURAS	
func_80050D3C	184	SIN_CAPTURAS	
func_80050DF4	280	SIN_CAPTURAS	
func_80050F0C	280	SIN_CAPTURAS	
func_80051024	608	NO_COMPILA	src/auto/func_80051024.c:111:9: error: invalid type argument of unary ‘*’ (have ‘s32’ {aka ‘int’})
func_80051284	20	SIN_CAPTURAS	
func_80051298	284	YA_HECHA	
func_800513B4	508	SIN_CAPTURAS	
func_800515B0	436	SIN_CAPTURAS	
func_80051764	188	SIN_CAPTURAS	
func_80051820	180	SIN_CAPTURAS	
func_800519E4	20	IGUAL	func_800519E4: 3 de 3 capturas y 114 de 114 variantes iguales -> IGUAL
func_800519F8	20	SIN_CAPTURAS	
func_80051A0C	20	SIN_CAPTURAS	
func_80051A20	20	SIN_CAPTURAS	
func_80051A34	20	IGUAL	func_80051A34: 3 de 3 capturas y 114 de 114 variantes iguales -> IGUAL
func_80051A48	20	SIN_CAPTURAS	
func_80051A5C	20	SIN_CAPTURAS	
func_80051A70	20	SIN_CAPTURAS	
func_80051A84	476	IGUAL	func_80051A84: 1 de 1 capturas y 46 de 46 variantes iguales -> IGUAL
func_80051C60	180	IGUAL	func_80051C60: 1 de 1 capturas y 76 de 76 variantes iguales -> IGUAL
func_80051D14	264	IGUAL	func_80051D14: 3 de 3 capturas y 228 de 228 variantes iguales -> IGUAL
func_80051E1C	216	IGUAL	func_80051E1C: 3 de 3 capturas y 223 de 223 variantes iguales -> IGUAL
func_80051EF4	216	IGUAL	func_80051EF4: 1 de 1 capturas y 75 de 75 variantes iguales -> IGUAL
func_80051FCC	60	IGUAL	func_80051FCC: 3 de 3 capturas y 228 de 228 variantes iguales -> IGUAL
func_80052008	60	IGUAL	func_80052008: 1 de 1 capturas y 76 de 76 variantes iguales -> IGUAL
func_80052114	44	SIN_CAPTURAS	
func_80052140	68	SIN_CAPTURAS	
func_80052184	36	SIN_CAPTURAS	
func_800521AC	148	SIN_CAPTURAS	
func_80052240	112	SIN_CAPTURAS	
func_800522B0	52	SIN_CAPTURAS	
func_800522E4	108	SIN_CAPTURAS	
func_80052350	56	SIN_CAPTURAS	
func_80052388	40	SIN_CAPTURAS	
func_800523B4	112	SIN_CAPTURAS	
func_80052434	324	SIN_CAPTURAS	
func_80052578	524	SIN_CAPTURAS	
func_80052784	296	DISTINTO	func_80052784: 0 de 2 capturas y 0 de 113 variantes iguales -> DISTINTO
func_800528AC	1452	NO_COMPILA	src/auto/func_800528AC.c:63:127: error: ‘p_sabrina’ undeclared (first use in this function)
func_80052E58	68	SIN_CAPTURAS	
func_80052E9C	8	SIN_CAPTURAS	
func_80052EA4	200	SIN_CAPTURAS	
func_80052F6C	84	SIN_CAPTURAS	
func_80052FC0	120	SIN_CAPTURAS	
func_80053038	256	SIN_CAPTURAS	
func_80053138	280	SIN_CAPTURAS	
func_80053250	76	SIN_CAPTURAS	
func_8005329C	332	SIN_CAPTURAS	
func_800533E8	24	SIN_CAPTURAS	
func_80053400	160	SIN_CAPTURAS	
func_800534A0	56	SIN_CAPTURAS	
func_800534D8	196	SIN_CAPTURAS	
func_8005359C	552	SIN_CAPTURAS	
func_800537C4	68	SIN_CAPTURAS	
func_80053808	152	SIN_CAPTURAS	
func_800538A0	304	SIN_CAPTURAS	
func_800539D0	148	SIN_CAPTURAS	
func_80053A64	52	SIN_CAPTURAS	
func_80053A98	152	IGUAL	func_80053A98: 2 de 2 capturas y 108 de 108 variantes iguales -> IGUAL
func_80053B30	104	IGUAL	func_80053B30: 2 de 2 capturas y 92 de 92 variantes iguales -> IGUAL
func_80053B98	220	IGUAL	func_80053B98: 2 de 2 capturas y 98 de 98 variantes iguales -> IGUAL
func_80053C74	612	NO_COMPILA	src/auto/func_80053C74.c:68:45: error: ‘subroutine_arg3’ undeclared (first use in this function)
func_80053ED8	156	IGUAL	func_80053ED8: 1 de 1 capturas y 53 de 53 variantes iguales -> IGUAL
func_80053F74	244	YA_HECHA	
func_80054068	1748	NO_COMPILA	src/auto/func_80054068.c:69:58: error: ‘p_sabrina’ undeclared (first use in this function)
func_8005473C	176	SIN_CAPTURAS	
func_800547EC	168	IGUAL	func_800547EC: 2 de 2 capturas y 79 de 79 variantes iguales -> IGUAL
func_80054894	452	DISTINTO	func_80054894: 1 de 2 capturas y 31 de 85 variantes iguales -> DISTINTO
func_80054A58	508	IGUAL_V0	func_80054A58: 2 de 2 capturas y 96 de 102 variantes iguales -> IGUAL_V0
func_80054C5C	1440	NO_COMPILA	src/auto/func_80054C5C.c:103:21: error: ‘p_sabrina’ undeclared (first use in this function)
func_800551FC	148	SIN_CAPTURAS	
func_80055290	48	SIN_CAPTURAS	
func_800552C0	712	SIN_CAPTURAS	
func_80055588	116	SIN_CAPTURAS	
func_800555FC	24	SIN_CAPTURAS	
func_80055614	16	SIN_CAPTURAS	
func_80055624	16	SIN_CAPTURAS	
func_80055634	708	SIN_CAPTURAS	
func_800558F8	160	SIN_CAPTURAS	
func_80055998	160	IGUAL	func_80055998: 2 de 2 capturas y 73 de 73 variantes iguales -> IGUAL
func_80055A38	448	DISTINTO	func_80055A38: 1 de 2 capturas y 39 de 93 variantes iguales -> DISTINTO
func_80055BF8	16	SIN_CAPTURAS	
func_80055C08	8	SIN_CAPTURAS	
func_80055C10	148	IGUAL	func_80055C10: 2 de 2 capturas y 59 de 59 variantes iguales -> IGUAL
func_80055CA4	8	IGUAL	func_80055CA4: 2 de 2 capturas y 68 de 68 variantes iguales -> IGUAL
func_80055CAC	320	YA_HECHA	
func_80055DEC	24	SIN_CAPTURAS	
func_80055E04	252	SIN_CAPTURAS	
func_80055F00	52	SIN_CAPTURAS	
func_80055F34	140	SIN_CAPTURAS	
func_80055FC0	720	SIN_CAPTURAS	
func_80056290	308	IGUAL	func_80056290: 2 de 2 capturas y 114 de 114 variantes iguales -> IGUAL
func_800563C4	408	IGUAL_V0	func_800563C4: 1 de 1 capturas y 43 de 49 variantes iguales -> IGUAL_V0
func_8005655C	40	IGUAL_V0	func_8005655C: 0 de 1 capturas y 1 de 34 variantes iguales -> IGUAL_V0
func_80056584	1156	NO_COMPILA	src/auto/func_80056584.c:25:22: error: ‘p_sabrina’ undeclared (first use in this function)
func_80056A08	272	IGUAL	func_80056A08: 2 de 2 capturas y 135 de 135 variantes iguales -> IGUAL
func_80056B18	248	IGUAL_V0	func_80056B18: 1 de 1 capturas y 35 de 37 variantes iguales -> IGUAL_V0
func_80056C18	208	IGUAL_V0	func_80056C18: 0 de 2 capturas y 11 de 99 variantes iguales -> IGUAL_V0
func_80056CE8	1684	NO_COMPILA	src/auto/func_80056CE8.c:24:5: error: unknown type name ‘ObjExtra’
func_8005737C	68	IGUAL	func_8005737C: 1 de 1 capturas y 59 de 59 variantes iguales -> IGUAL
func_800573C0	592	NO_COMPILA	src/auto/func_800573C0.c:112:5: error: invalid type argument of unary ‘*’ (have ‘s32’ {aka ‘int’})
func_80057610	496	IGUAL	func_80057610: 1 de 1 capturas y 41 de 41 variantes iguales -> IGUAL
func_80057800	332	DISTINTO	func_80057800: 0 de 2 capturas y 9 de 97 variantes iguales -> DISTINTO
func_8005794C	196	SIN_CAPTURAS	
func_80057A10	8	SIN_CAPTURAS	
func_80057A18	280	SIN_CAPTURAS	
func_80057B38	360	IGUAL_V0	func_80057B38: 0 de 1 capturas y 1 de 56 variantes iguales -> IGUAL_V0
func_80057CA0	492	IGUAL_V0	func_80057CA0: 2 de 2 capturas y 90 de 95 variantes iguales -> IGUAL_V0
func_80057E8C	8	SIN_CAPTURAS	
func_80057E94	160	SIN_CAPTURAS	
func_80057F34	920	YA_HECHA	
func_800582CC	912	YA_HECHA	
func_8005865C	912	YA_HECHA	
func_800589EC	1272	YA_HECHA	
func_80058EE4	1276	YA_HECHA	
func_800593E0	1276	YA_HECHA	
func_800598DC	1616	YA_HECHA	
func_80059F2C	136	SIN_CAPTURAS	
func_80059FB4	8	SIN_CAPTURAS	
func_80059FBC	560	SIN_CAPTURAS	
func_8005A1EC	372	YA_HECHA	
func_8005A360	3168	NO_COMPILA	src/auto/func_8005A360.c:72:21: error: ‘p_sabrina’ undeclared (first use in this function)
func_8005AFC0	72	SIN_CAPTURAS	
func_8005B008	328	IGUAL	func_8005B008: 1 de 1 capturas y 46 de 46 variantes iguales -> IGUAL
func_8005B150	580	IGUAL_V0	func_8005B150: 0 de 2 capturas y 16 de 110 variantes iguales -> IGUAL_V0
func_8005B394	204	SIN_CAPTURAS	
func_8005B460	12	SIN_CAPTURAS	
func_8005B46C	192	SIN_CAPTURAS	
func_8005B52C	596	SIN_CAPTURAS	
func_8005B780	20	SIN_CAPTURAS	
func_8005B794	320	SIN_CAPTURAS	
func_8005B8D4	192	SIN_CAPTURAS	
func_8005B994	124	IGUAL_V0	func_8005B994: 0 de 2 capturas y 0 de 89 variantes iguales -> IGUAL_V0
func_8005BA10	1216	NO_COMPILA	src/auto/func_8005BA10.c:24:29: error: invalid use of void expression
func_8005BED0	1160	NO_COMPILA	src/auto/func_8005BED0.c:42:31: error: invalid use of void expression
func_8005C358	1416	NO_COMPILA	src/auto/func_8005C358.c:32:9: error: ‘p_sabrina’ undeclared (first use in this function)
func_8005C8E0	76	SIN_CAPTURAS	
func_8005C92C	20	SIN_CAPTURAS	
func_8005C940	36	SIN_CAPTURAS	
func_8005C964	108	NO_TERMINA	func_8005C964: la original no termina en el emulador (espera al hardware) -> NO_TERMINA
func_8005C9D0	968	NO_TERMINA	func_8005C9D0: la original no termina en el emulador (espera al hardware) -> NO_TERMINA
func_8005CD98	176	NO_TERMINA	func_8005CD98: la original no termina en el emulador (espera al hardware) -> NO_TERMINA
func_8005CE48	116	NO_TERMINA	func_8005CE48: la original no termina en el emulador (espera al hardware) -> NO_TERMINA
func_8005CEBC	368	NO_TERMINA	func_8005CEBC: la original no termina en el emulador (espera al hardware) -> NO_TERMINA
func_8005D02C	164	IGUAL	func_8005D02C: 2 de 2 capturas y 56 de 56 variantes iguales -> IGUAL
func_8005D0D0	36	IGUAL	func_8005D0D0: 2 de 2 capturas y 152 de 152 variantes iguales -> IGUAL
func_8005D0F4	112	IGUAL	func_8005D0F4: 2 de 2 capturas y 152 de 152 variantes iguales -> IGUAL
func_8005D164	108	NO_COMPILA	src/auto/func_8005D164.c:12:15: error: invalid type argument of unary ‘*’ (have ‘s32’ {aka ‘int’})
func_8005D1D0	156	DISTINTO	func_8005D1D0: 1 de 2 capturas y 72 de 144 variantes iguales -> DISTINTO
func_8005D26C	308	NO_TERMINA	func_8005D26C: la original no termina en el emulador (espera al hardware) -> NO_TERMINA
func_8005D3A0	60	IGUAL	func_8005D3A0: 2 de 2 capturas y 152 de 152 variantes iguales -> IGUAL
func_8005D3DC	24	IGUAL	func_8005D3DC: 1 de 1 capturas y 52 de 52 variantes iguales -> IGUAL
func_8005D3F4	272	IGUAL	func_8005D3F4: 2 de 2 capturas y 149 de 149 variantes iguales -> IGUAL
func_8005D504	8	SIN_CAPTURAS	
func_8005D50C	824	NO_COMPILA	src/auto/func_8005D50C.c:42:36: error: invalid type argument of unary ‘*’ (have ‘s32’ {aka ‘int’})
func_8005D844	92	DISTINTO	func_8005D844: 0 de 1 capturas y 0 de 56 variantes iguales -> DISTINTO
func_8005D8A0	48	IGUAL	func_8005D8A0: 2 de 2 capturas y 138 de 138 variantes iguales -> IGUAL
func_8005D8D0	240	NO_TERMINA	func_8005D8D0: la original no termina en el emulador (espera al hardware) -> NO_TERMINA
func_8005D9C0	144	NO_COMPILA	src/auto/func_8005D9C0.c:17:19: error: invalid type argument of unary ‘*’ (have ‘s32’ {aka ‘int’})
func_8005DA50	140	IGUAL_V0	func_8005DA50: 0 de 2 capturas y 0 de 95 variantes iguales -> IGUAL_V0
func_8005DADC	148	IGUAL	func_8005DADC: 2 de 2 capturas y 101 de 101 variantes iguales -> IGUAL
func_8005DB70	148	IGUAL	func_8005DB70: 2 de 2 capturas y 101 de 101 variantes iguales -> IGUAL
func_8005DC04	24	SIN_CAPTURAS	
func_8005DC1C	124	SIN_CAPTURAS	
func_8005DCA0	52	NO_TERMINA	func_8005DCA0: la original no termina en el emulador (espera al hardware) -> NO_TERMINA
func_8005DCD4	124	NO_COMPILA	src/auto/func_8005DCD4.c:12:18: error: invalid type argument of unary ‘*’ (have ‘s32’ {aka ‘int’})
func_8005DD50	32	IGUAL	func_8005DD50: 2 de 2 capturas y 90 de 90 variantes iguales -> IGUAL
func_8005DD70	60	SIN_CAPTURAS	
func_8005DDAC	60	SIN_CAPTURAS	
func_8005DDE8	36	DISTINTO	func_8005DDE8: 0 de 1 capturas y 0 de 50 variantes iguales -> DISTINTO
func_8005E27C	20	IGUAL	func_8005E27C: 2 de 2 capturas y 40 de 40 variantes iguales -> IGUAL
func_8005E290	16	SIN_CAPTURAS	
func_8005E2A0	764	IGUAL	func_8005E2A0: 1 de 1 capturas y 46 de 46 variantes iguales -> IGUAL
func_8005E59C	764	IGUAL	func_8005E59C: 2 de 2 capturas y 92 de 92 variantes iguales -> IGUAL
func_8005E898	356	SIN_CAPTURAS	
func_8005E9FC	216	IGUAL	func_8005E9FC: 2 de 2 capturas y 100 de 100 variantes iguales -> IGUAL
func_8005EAD4	684	IGUAL_V0	func_8005EAD4: 1 de 1 capturas y 29 de 30 variantes iguales -> IGUAL_V0
func_8005ED80	12	IGUAL	func_8005ED80: 1 de 1 capturas y 45 de 45 variantes iguales -> IGUAL
func_8005ED8C	5092	NO_COMPILA	src/auto/func_8005ED8C.c:60:14: error: ‘saved_reg_s0’ undeclared (first use in this function)
func_80060170	260	SIN_CAPTURAS	
func_80060274	244	SIN_CAPTURAS	
func_80060368	496	SIN_CAPTURAS	
func_80060558	56	IGUAL	func_80060558: 2 de 2 capturas y 118 de 118 variantes iguales -> IGUAL
func_80060590	56	IGUAL	func_80060590: 2 de 2 capturas y 117 de 117 variantes iguales -> IGUAL
func_800605C8	484	SIN_CAPTURAS	
func_800607AC	516	NO_COMPILA	src/auto/func_800607AC.c:20:15: error: invalid type argument of unary ‘*’ (have ‘s32’ {aka ‘int’})
thunk_FUN_8001e588	8	IGUAL	thunk_FUN_8001e588: 8 de 8 capturas y 319 de 319 variantes iguales -> IGUAL
thunk_FUN_8003be38	8	SIN_CAPTURAS	
thunk_FUN_80042924	8	IGUAL	thunk_FUN_80042924: 8 de 8 capturas y 512 de 512 variantes iguales -> IGUAL
thunk_FUN_80047234	8	SIN_CAPTURAS	
thunk_FUN_8004866c	8	IGUAL	thunk_FUN_8004866c: 4 de 4 capturas y 190 de 190 variantes iguales -> IGUAL
thunk_FUN_8004866c_8002E214	8	IGUAL	thunk_FUN_8004866c_8002E214: 2 de 2 capturas y 90 de 90 variantes iguales -> IGUAL
thunk_FUN_8004866c_8003D470	8	IGUAL	thunk_FUN_8004866c_8003D470: 2 de 2 capturas y 90 de 90 variantes iguales -> IGUAL
thunk_FUN_8004866c_80044F48	8	IGUAL	thunk_FUN_8004866c_80044F48: 1 de 1 capturas y 45 de 45 variantes iguales -> IGUAL
thunk_FUN_8004866c_80045B58	8	IGUAL	thunk_FUN_8004866c_80045B58: 2 de 2 capturas y 90 de 90 variantes iguales -> IGUAL
thunk_FUN_8004866c_800460C4	8	IGUAL	thunk_FUN_8004866c_800460C4: 1 de 1 capturas y 45 de 45 variantes iguales -> IGUAL
thunk_FUN_8004866c_80049FC4	8	IGUAL	thunk_FUN_8004866c_80049FC4: 1 de 1 capturas y 45 de 45 variantes iguales -> IGUAL
thunk_FUN_8004866c_80054C54	8	IGUAL	thunk_FUN_8004866c_80054C54: 2 de 2 capturas y 90 de 90 variantes iguales -> IGUAL
thunk_FUN_8004866c_80056C10	8	IGUAL	thunk_FUN_8004866c_80056C10: 1 de 1 capturas y 45 de 45 variantes iguales -> IGUAL
thunk_FUN_8004866c_80057B30	8	IGUAL	thunk_FUN_8004866c_80057B30: 1 de 1 capturas y 45 de 45 variantes iguales -> IGUAL
thunk_FUN_8004aea4	8	IGUAL	thunk_FUN_8004aea4: 6 de 6 capturas y 204 de 204 variantes iguales -> IGUAL
